-- MySQL dump 10.13  Distrib 8.0.43, for Win64 (x86_64)
--
-- Host: localhost    Database: smartphone_project
-- ------------------------------------------------------
-- Server version	8.0.43

/*!40101 SET @OLD_CHARACTER_SET_CLIENT=@@CHARACTER_SET_CLIENT */;
/*!40101 SET @OLD_CHARACTER_SET_RESULTS=@@CHARACTER_SET_RESULTS */;
/*!40101 SET @OLD_COLLATION_CONNECTION=@@COLLATION_CONNECTION */;
/*!50503 SET NAMES utf8 */;
/*!40103 SET @OLD_TIME_ZONE=@@TIME_ZONE */;
/*!40103 SET TIME_ZONE='+00:00' */;
/*!40014 SET @OLD_UNIQUE_CHECKS=@@UNIQUE_CHECKS, UNIQUE_CHECKS=0 */;
/*!40014 SET @OLD_FOREIGN_KEY_CHECKS=@@FOREIGN_KEY_CHECKS, FOREIGN_KEY_CHECKS=0 */;
/*!40101 SET @OLD_SQL_MODE=@@SQL_MODE, SQL_MODE='NO_AUTO_VALUE_ON_ZERO' */;
/*!40111 SET @OLD_SQL_NOTES=@@SQL_NOTES, SQL_NOTES=0 */;

--
-- Table structure for table `dim_battery`
--

DROP TABLE IF EXISTS `dim_battery`;
/*!40101 SET @saved_cs_client     = @@character_set_client */;
/*!50503 SET character_set_client = utf8mb4 */;
CREATE TABLE `dim_battery` (
  `battery_id` int NOT NULL AUTO_INCREMENT,
  `battery_capacity` int DEFAULT NULL,
  `fast_charging_available` varchar(10) DEFAULT NULL,
  `fast_charging` int DEFAULT NULL,
  PRIMARY KEY (`battery_id`)
) ENGINE=InnoDB AUTO_INCREMENT=256 DEFAULT CHARSET=utf8mb4 COLLATE=utf8mb4_0900_ai_ci;
/*!40101 SET character_set_client = @saved_cs_client */;

--
-- Dumping data for table `dim_battery`
--

LOCK TABLES `dim_battery` WRITE;
/*!40000 ALTER TABLE `dim_battery` DISABLE KEYS */;
INSERT INTO `dim_battery` VALUES (1,3110,'0',25),(2,3500,'1',18),(3,3500,'0',25),(4,3240,'1',25),(5,2438,'1',25),(6,3095,'1',25),(7,4352,'1',25),(8,3279,'1',25),(9,3500,'1',25),(10,4325,'1',25),(11,3200,'1',25),(12,4323,'1',25),(13,3285,'1',25),(14,4532,'1',25),(15,4700,'1',25),(16,2230,'0',25),(17,2050,'1',25),(18,1821,'1',18),(19,3060,'1',25),(20,6000,'1',65),(21,6000,'1',120),(22,4300,'1',30),(23,5180,'1',10),(24,5000,'1',25),(25,2000,'0',25),(26,5000,'1',33),(27,6000,'1',33),(28,22000,'1',33),(29,2150,'0',25),(30,4800,'0',25),(31,4000,'0',25),(32,3520,'1',25),(33,3700,'1',18),(34,2800,'1',25),(35,4080,'1',18),(36,4620,'1',18),(37,4614,'1',30),(38,5003,'1',30),(39,4410,'1',25),(40,4355,'1',30),(41,5000,'1',30),(42,4830,'1',67),(43,5000,'1',67),(44,4300,'1',66),(45,4800,'1',66),(46,4500,'1',100),(47,4600,'1',120),(48,5000,'0',25),(49,5000,'1',10),(50,5000,'1',22),(51,4000,'1',22),(52,5100,'1',40),(53,3000,'0',25),(54,4500,'1',25),(55,4400,'1',66),(56,4500,'1',66),(57,4700,'1',66),(58,4500,'1',55),(59,4600,'1',66),(60,4000,'1',66),(61,4200,'1',40),(62,5000,'1',40),(63,4360,'1',66),(64,6000,'1',18),(65,5000,'1',18),(66,4500,'1',120),(67,5000,'1',120),(68,4500,'1',45),(69,4500,'1',180),(70,4700,'1',200),(71,4350,'1',120),(72,4700,'1',120),(73,4700,'1',80),(74,5000,'1',44),(75,4200,'1',55),(76,5000,'1',45),(77,2400,'0',25),(78,3020,'0',25),(79,2800,'0',25),(80,5600,'1',68),(81,4000,'1',10),(82,4300,'1',25),(83,4000,'1',25),(84,2500,'0',25),(85,4020,'1',33),(86,4400,'1',68),(87,4800,'1',68),(88,4610,'1',125),(89,4200,'1',67),(90,4500,'1',68),(91,4800,'1',125),(92,5000,'1',20),(93,4020,'1',68),(94,5000,'1',68),(95,4450,'1',125),(96,6000,'1',20),(97,4600,'1',125),(98,5050,'0',25),(99,5050,'1',10),(100,5050,'1',18),(101,4500,'1',20),(102,4470,'1',18),(103,4200,'1',33),(104,6000,'1',44),(105,4500,'1',33),(106,5050,'1',30),(107,5000,'1',135),(108,6000,'1',80),(109,5000,'1',165),(110,5000,'1',80),(111,4800,'1',150),(112,5000,'1',100),(113,3300,'0',25),(114,4500,'1',65),(115,4500,'1',150),(116,4500,'1',80),(117,4200,'1',120),(118,4800,'1',67),(119,4230,'0',25),(120,3200,'0',25),(121,4015,'1',30),(122,4310,'1',30),(123,4310,'1',50),(124,4300,'1',44),(125,4520,'1',67),(126,4000,'1',30),(127,4300,'1',65),(128,4350,'1',65),(129,4000,'1',18),(130,5000,'1',66),(131,4500,'1',67),(132,4800,'1',33),(133,4000,'1',45),(134,21000,'1',33),(135,9800,'1',66),(136,8000,'0',25),(137,5065,'1',67),(138,4700,'1',67),(139,5500,'1',67),(140,5100,'1',120),(141,5160,'1',33),(142,5080,'1',67),(143,5000,'1',65),(144,4200,'1',66),(145,4500,'1',60),(146,6000,'0',25),(147,4600,'1',240),(148,5000,'1',60),(149,4200,'1',65),(150,4500,'1',50),(151,4000,'1',20),(152,4450,'0',25),(153,3360,'0',25),(154,5000,'1',15),(155,4000,'1',15),(156,3100,'1',15),(157,3400,'1',25),(158,6000,'1',15),(159,7000,'1',33),(160,6000,'1',25),(161,7000,'1',25),(162,4300,'1',45),(163,4100,'1',15),(164,4800,'1',25),(165,3700,'1',25),(166,3900,'1',25),(167,4700,'1',45),(168,5100,'1',45),(169,3300,'1',15),(170,4400,'1',25),(171,3730,'1',25),(172,4000,'1',21),(173,3600,'1',18),(174,4500,'1',30),(175,3000,'1',10),(176,4700,'1',33),(177,5160,'1',45),(178,7000,'1',18),(179,6000,'1',45),(180,7000,'0',25),(181,2275,'0',25),(182,4500,'1',18),(183,3315,'0',25),(184,4000,'1',33),(185,4100,'1',33),(186,4300,'1',33),(187,4200,'1',44),(188,4050,'1',44),(189,4500,'1',44),(190,4830,'1',66),(191,4800,'1',100),(192,4730,'1',80),(193,4810,'1',120),(194,4870,'1',120),(195,1900,'0',25),(196,5000,'1',19),(197,2730,'0',25),(198,4030,'0',25),(199,5160,'1',67),(200,4300,'1',67),(201,4860,'1',67),(202,4820,'1',120),(203,4780,'1',30),(204,4250,'1',33),(205,4520,'1',33),(206,4050,'1',40),(207,5020,'1',67),(208,5100,'1',18),(209,4000,'1',27),(210,5080,'1',120),(211,5020,'1',18),(212,5020,'1',33),(213,5200,'1',33),(214,4300,'1',210),(215,4300,'1',120),(216,5200,'1',210),(217,4980,'1',120),(218,5200,'1',67),(219,4100,'0',25),(220,5020,'1',22);
/*!40000 ALTER TABLE `dim_battery` ENABLE KEYS */;
UNLOCK TABLES;

--
-- Table structure for table `dim_brand`
--

DROP TABLE IF EXISTS `dim_brand`;
/*!40101 SET @saved_cs_client     = @@character_set_client */;
/*!50503 SET character_set_client = utf8mb4 */;
CREATE TABLE `dim_brand` (
  `brand_id` int NOT NULL AUTO_INCREMENT,
  `brand_name` varchar(100) NOT NULL,
  PRIMARY KEY (`brand_id`),
  UNIQUE KEY `brand_name` (`brand_name`)
) ENGINE=InnoDB AUTO_INCREMENT=64 DEFAULT CHARSET=utf8mb4 COLLATE=utf8mb4_0900_ai_ci;
/*!40101 SET character_set_client = @saved_cs_client */;

--
-- Dumping data for table `dim_brand`
--

LOCK TABLES `dim_brand` WRITE;
/*!40000 ALTER TABLE `dim_brand` DISABLE KEYS */;
INSERT INTO `dim_brand` VALUES (1,'apple'),(2,'asus'),(3,'blackview'),(4,'blu'),(5,'cat'),(6,'cola'),(7,'doogee'),(8,'duoqin'),(9,'gionee'),(10,'google'),(11,'honor'),(12,'huawei'),(13,'ikall'),(14,'infinix'),(15,'iqoo'),(16,'itel'),(17,'jio'),(18,'lava'),(19,'leeco'),(20,'leitz'),(21,'lenovo'),(22,'letv'),(23,'lg'),(24,'lyf'),(25,'micromax'),(26,'motorola'),(27,'nokia'),(28,'nothing'),(29,'nubia'),(30,'oneplus'),(31,'oppo'),(32,'oukitel'),(33,'poco'),(34,'realme'),(35,'redmi'),(36,'royole'),(37,'samsung'),(38,'sharp'),(39,'sony'),(40,'tcl'),(41,'tecno'),(42,'tesla'),(43,'vertu'),(44,'vivo'),(45,'xiaomi'),(46,'zte');
/*!40000 ALTER TABLE `dim_brand` ENABLE KEYS */;
UNLOCK TABLES;

--
-- Table structure for table `dim_camera`
--

DROP TABLE IF EXISTS `dim_camera`;
/*!40101 SET @saved_cs_client     = @@character_set_client */;
/*!50503 SET character_set_client = utf8mb4 */;
CREATE TABLE `dim_camera` (
  `camera_id` int NOT NULL AUTO_INCREMENT,
  `num_rear_cameras` int DEFAULT NULL,
  `primary_camera_rear` int DEFAULT NULL,
  `primary_camera_front` int DEFAULT NULL,
  PRIMARY KEY (`camera_id`)
) ENGINE=InnoDB AUTO_INCREMENT=256 DEFAULT CHARSET=utf8mb4 COLLATE=utf8mb4_0900_ai_ci;
/*!40101 SET character_set_client = @saved_cs_client */;

--
-- Dumping data for table `dim_camera`
--

LOCK TABLES `dim_camera` WRITE;
/*!40000 ALTER TABLE `dim_camera` DISABLE KEYS */;
INSERT INTO `dim_camera` VALUES (1,2,12,12),(2,3,12,12),(3,3,48,12),(4,2,50,13),(5,3,50,12),(6,1,13,7),(7,1,12,7),(8,1,12,11),(9,2,12,7),(10,3,64,24),(11,3,64,32),(12,2,50,12),(13,2,13,8),(14,4,48,16),(15,1,5,2),(16,2,50,16),(17,3,108,32),(18,1,8,2),(19,2,13,5),(20,1,13,5),(21,1,16,13),(22,1,12,8),(23,2,16,8),(24,2,50,8),(25,3,50,11),(26,2,12,8),(27,2,50,11),(28,2,50,10),(29,4,108,32),(30,3,64,16),(31,3,54,32),(32,3,200,50),(33,4,50,13),(34,3,50,5),(35,4,50,8),(36,4,64,16),(37,3,48,8),(38,3,48,16),(39,2,13,16),(40,4,40,32),(41,3,50,13),(42,3,64,13),(43,3,50,60),(44,3,108,16),(45,4,50,32),(46,4,108,16),(47,1,20,13),(48,1,13,8),(49,3,50,8),(50,3,50,16),(51,2,8,5),(52,3,108,60),(53,3,200,32),(54,1,2,4),(55,1,2,0),(56,2,8,8),(57,3,8,8),(58,3,13,8),(59,2,47,13),(60,2,64,20),(61,2,64,16),(62,3,64,10),(63,1,13,13),(64,1,8,5),(65,3,50,32),(66,3,200,60),(67,3,108,25),(68,3,16,8),(69,2,64,32),(70,4,50,16),(71,1,5,5),(72,3,13,5),(73,1,200,32),(74,4,200,16),(75,4,200,32),(76,3,64,8),(77,2,20,16),(78,3,13,16),(79,2,48,16),(80,4,48,13),(81,2,108,16),(82,2,50,5),(83,3,12,8),(84,1,13,16),(85,2,48,8),(86,2,50,32),(87,4,64,32),(88,3,64,20),(89,4,13,8),(90,4,64,20),(91,4,48,20),(92,2,48,5),(93,4,48,8),(94,2,16,25),(95,3,48,32),(96,3,24,24),(97,3,48,20),(98,3,12,32),(99,4,12,10),(100,3,200,10),(101,3,16,10),(102,4,64,10),(103,4,108,40),(104,3,50,10),(105,4,200,12),(106,4,200,60),(107,2,12,10),(108,3,12,10),(109,4,12,8),(110,4,12,12),(111,3,50,48),(112,4,50,48),(113,2,5,5),(114,1,13,2),(115,4,48,32),(116,3,64,50),(117,3,50,50),(118,3,16,16),(119,3,64,44),(120,4,64,44),(121,3,108,50),(122,3,50,44),(123,2,13,13),(124,2,13,20),(125,3,50,20),(126,3,108,20),(127,3,200,20),(128,4,108,20),(129,2,12,20),(130,3,54,16),(131,4,64,13),(132,3,48,13),(133,3,200,16);
/*!40000 ALTER TABLE `dim_camera` ENABLE KEYS */;
UNLOCK TABLES;

--
-- Table structure for table `dim_display`
--

DROP TABLE IF EXISTS `dim_display`;
/*!40101 SET @saved_cs_client     = @@character_set_client */;
/*!50503 SET character_set_client = utf8mb4 */;
CREATE TABLE `dim_display` (
  `display_id` int NOT NULL AUTO_INCREMENT,
  `screen_size` decimal(4,2) DEFAULT NULL,
  `refresh_rate` int DEFAULT NULL,
  `resolution_height` int DEFAULT NULL,
  `resolution_width` int DEFAULT NULL,
  PRIMARY KEY (`display_id`)
) ENGINE=InnoDB AUTO_INCREMENT=512 DEFAULT CHARSET=utf8mb4 COLLATE=utf8mb4_0900_ai_ci;
/*!40101 SET character_set_client = @saved_cs_client */;

--
-- Dumping data for table `dim_display`
--

LOCK TABLES `dim_display` WRITE;
/*!40000 ALTER TABLE `dim_display` DISABLE KEYS */;
INSERT INTO `dim_display` VALUES (1,6.10,60,1792,828),(2,6.50,60,2688,1242),(3,6.10,60,2532,1170),(4,5.40,60,2340,1080),(5,6.10,120,2532,1170),(6,6.70,120,2778,1284),(7,5.42,60,2340,1080),(8,6.70,60,2778,1284),(9,6.10,120,2556,1179),(10,6.70,120,2796,1290),(11,6.06,60,2532,1170),(12,6.71,120,2778,1284),(13,6.06,120,2532,1170),(14,6.68,120,2778,1284),(15,6.73,120,2796,1290),(16,4.70,60,1334,750),(17,6.10,60,1580,750),(18,6.78,144,2448,1080),(19,6.78,165,2448,1080),(20,6.80,165,2448,1080),(21,5.90,120,2400,1080),(22,6.10,60,1560,720),(23,6.80,60,2460,1080),(24,4.00,60,640,480),(25,6.40,90,2400,1080),(26,6.30,60,2340,1080),(27,6.58,120,2408,1080),(28,3.54,60,960,640),(29,6.26,60,1600,720),(30,6.80,60,1600,720),(31,6.20,60,1520,720),(32,6.00,60,2880,1440),(33,6.00,60,2160,1080),(34,5.70,60,2280,1080),(35,6.00,90,2340,1080),(36,6.34,60,2400,1080),(37,6.71,120,3120,1440),(38,6.14,60,2400,1080),(39,6.30,90,2400,1080),(40,6.70,120,3120,1440),(41,6.10,90,2400,1080),(42,6.60,120,2400,1080),(43,6.73,120,3120,1440),(44,6.57,120,2340,1080),(45,6.67,120,2340,1080),(46,6.67,120,2400,1080),(47,6.78,120,2652,1200),(48,6.76,120,2772,1344),(49,6.50,60,1600,720),(50,6.75,90,1600,720),(51,6.70,90,2388,1080),(52,6.81,60,2388,1080),(53,5.84,60,2280,1080),(54,6.53,60,2400,1176),(55,6.76,90,2772,1344),(56,6.76,120,3200,1440),(57,6.74,120,2616,1212),(58,8.00,60,2480,2200),(59,7.80,120,2480,2200),(60,6.67,90,2160,1080),(61,6.40,60,2340,1080),(62,6.78,90,2388,1080),(63,6.52,60,1600,720),(64,6.58,90,2640,1200),(65,6.60,120,2700,1288),(66,6.82,60,1560,720),(67,6.78,90,2480,1080),(68,6.82,90,1640,720),(69,6.82,90,720,1640),(70,6.60,90,1612,720),(71,6.60,120,2408,1080),(72,6.60,60,1612,720),(73,6.78,60,2460,1080),(74,6.70,60,2400,1080),(75,6.95,120,2460,1080),(76,6.70,60,1080,2400),(77,6.70,120,2400,1080),(78,6.91,60,2460,1080),(79,6.60,60,1600,720),(80,6.82,60,1600,720),(81,6.70,90,2400,1080),(82,6.78,120,2460,1080),(83,6.80,120,2400,1080),(84,6.78,144,3200,1440),(85,6.62,120,2400,1080),(86,6.56,120,2376,1080),(87,6.78,120,3200,1440),(88,6.78,120,2400,1080),(89,6.44,120,2400,1080),(90,6.44,90,2404,1080),(91,6.62,144,2412,1080),(92,6.58,120,2412,1080),(93,6.67,120,2412,1080),(94,5.00,60,480,854),(95,6.00,60,1600,720),(96,6.50,60,720,1600),(97,6.60,60,720,1600),(98,6.09,60,720,1520),(99,6.60,60,720,1612),(100,6.50,90,1600,720),(101,5.45,60,1440,720),(102,5.50,60,1440,720),(103,5.00,60,1280,720),(104,6.78,90,2460,1080),(105,6.50,90,720,1600),(106,6.60,240,2730,1260),(107,6.50,144,2400,1080),(108,6.92,144,2460,1080),(109,6.54,60,1560,720),(110,6.50,60,1560,720),(111,5.50,60,1920,1080),(112,5.00,60,1920,1080),(113,6.67,90,2400,1080),(114,6.55,144,2400,1080),(115,6.70,144,2400,1080),(116,6.67,144,2400,1080),(117,6.50,144,2412,1080),(118,6.70,165,2460,1080),(119,6.70,90,2340,1080),(120,6.70,90,2520,1080),(121,6.28,120,2400,1080),(122,6.80,144,2460,1080),(123,6.67,120,2460,1080),(124,6.67,144,2340,1080),(125,6.67,60,2400,1080),(126,6.53,90,1600,720),(127,6.47,60,2400,1080),(128,6.55,90,2400,1080),(129,6.60,90,1080,2460),(130,6.50,120,1600,720),(131,6.55,120,2400,1080),(132,6.40,60,2400,1080),(133,6.50,120,2400,1080),(134,6.80,60,2400,1080),(135,6.55,144,2460,1080),(136,6.70,165,2400,1080),(137,6.50,60,2340,1080),(138,6.60,144,2400,1080),(139,6.74,60,1600,720),(140,6.52,90,1600,720),(141,6.58,120,2400,1080),(142,6.90,120,3200,1400),(143,6.43,90,2400,1080),(144,6.81,60,2400,1080),(145,6.51,144,2400,1080),(146,6.51,144,2408,1080),(147,6.80,165,2400,1080),(148,6.80,120,2480,1116),(149,6.70,120,3216,1440),(150,6.70,120,2412,1080),(151,6.73,144,3412,1440),(152,6.28,60,2280,1080),(153,6.59,120,2412,1080),(154,6.52,60,1560,720),(155,6.43,120,2412,1080),(156,6.57,120,2400,1080),(157,6.49,90,2400,1080),(158,6.43,60,2400,1080),(159,6.56,90,1612,720),(160,6.30,60,2400,1080),(161,6.22,60,720,1520),(162,6.56,60,1612,720),(163,6.51,60,720,1600),(164,6.51,60,1600,720),(165,6.50,90,2400,1080),(166,6.56,60,1600,720),(167,6.56,90,1600,720),(168,6.59,90,2412,1080),(169,6.56,90,2400,1080),(170,6.43,90,2460,1080),(171,7.10,120,1920,1792),(172,6.80,120,2400,1200),(173,6.80,120,2520,1080),(174,6.73,120,2400,1080),(175,6.73,120,2412,1080),(176,6.53,90,2400,1080),(177,7.40,60,3200,1440),(178,6.78,60,2400,1080),(179,5.86,60,1520,720),(180,6.53,60,1600,720),(181,6.71,60,1650,720),(182,6.67,120,3200,1440),(183,6.53,60,2340,1080),(184,6.58,90,2400,1080),(185,6.60,90,2400,1080),(186,6.60,144,2460,1080),(187,6.60,90,2408,1080),(188,6.72,120,2400,1080),(189,6.40,120,2400,1080),(190,6.60,120,2412,1080),(191,6.60,144,2412,1080),(192,6.60,90,2412,1080),(193,6.10,60,720,1560),(194,6.60,60,2408,1080),(195,6.43,120,2400,1080),(196,6.73,144,2400,1080),(197,6.62,120,1080,2400),(198,6.50,60,2400,1080),(199,6.44,90,2400,1080),(200,7.80,60,1920,1440),(201,7.20,60,1920,1440),(202,5.30,60,1480,720),(203,6.40,60,1560,720),(204,6.40,60,1600,720),(205,6.40,60,2408,1080),(206,5.90,60,2340,1080),(207,6.00,60,1080,2220),(208,6.71,120,3200,1440),(209,6.60,60,1080,2408),(210,6.62,60,1080,2408),(211,6.40,90,1600,720),(212,6.60,60,2400,1080),(213,6.67,90,2412,1080),(214,6.71,60,2400,1080),(215,6.80,60,3040,1440),(216,6.71,120,3214,1440),(217,6.70,60,3040,1440),(218,6.40,60,3040,1440),(219,6.20,120,3200,1440),(220,6.20,60,3200,1440),(221,6.70,120,3200,1440),(222,6.70,60,3200,1440),(223,6.90,60,3200,1440),(224,6.20,120,2400,1080),(225,6.40,120,2340,1080),(226,6.80,120,3200,1440),(227,6.10,120,2340,1080),(228,6.60,120,2340,1080),(229,6.80,120,3080,1440),(230,6.80,120,3088,1440),(231,6.83,144,2860,1200),(232,6.20,60,2960,1440),(233,6.70,120,2640,1080),(234,7.60,120,2208,1768),(235,7.60,120,2176,1812),(236,6.50,60,3168,1440),(237,6.50,60,3840,1644),(238,6.50,120,3840,1644),(239,6.00,90,2520,1080),(240,6.00,60,2520,1080),(241,6.10,120,2520,1080),(242,6.20,60,1680,720),(243,6.00,60,1440,720),(244,6.80,90,2460,1080),(245,6.80,90,2400,1080),(246,6.80,120,2460,1080),(247,6.83,120,2460,1080),(248,6.10,60,1520,720),(249,6.95,60,2460,1080),(250,6.95,90,2460,1080),(251,6.90,90,2460,1080),(252,6.82,90,1600,720),(253,6.66,90,1600,720),(254,6.90,120,2460,1080),(255,6.60,90,1600,720),(256,6.60,90,2460,1080),(257,6.73,165,2448,1080),(258,4.70,60,1920,1080),(259,6.38,60,2340,1080),(260,6.44,60,2408,1080),(261,6.58,90,2408,1080),(262,6.44,90,2408,1080),(263,6.67,120,2408,1080),(264,6.30,60,2280,1080),(265,6.39,60,2316,1080),(266,6.44,60,2400,1080),(267,6.56,90,2376,1080),(268,6.56,120,2400,1080),(269,8.03,120,2160,1916),(270,7.00,120,3080,1440),(271,6.78,120,2800,1260),(272,6.00,120,2400,1080),(273,6.35,60,1544,720),(274,6.50,60,1544,720),(275,6.51,90,720,1600),(276,6.55,60,1612,720),(277,6.55,90,720,1612),(278,4.50,60,854,480),(279,6.58,60,2408,1080),(280,5.20,60,1280,720),(281,6.64,120,2388,1080),(282,6.22,60,1520,720),(283,6.20,60,720,1520),(284,6.67,120,1080,2400),(285,6.73,120,3200,1440),(286,6.67,120,2712,1220),(287,6.36,120,2400,1080),(288,6.60,120,3200,1440),(289,6.43,120,3200,1440),(290,6.67,90,2340,1080),(291,6.67,144,1080,2400),(292,7.92,60,2250,2088),(293,8.01,90,2480,1860),(294,8.02,120,2160,1914),(295,6.18,60,2246,1080),(296,6.70,60,1600,720),(297,6.70,60,1650,720),(298,6.73,120,2408,1080),(299,6.43,90,2340,1080),(300,6.39,60,2340,1080),(301,6.67,144,2712,1220),(302,6.52,90,2400,1080);
/*!40000 ALTER TABLE `dim_display` ENABLE KEYS */;
UNLOCK TABLES;

--
-- Table structure for table `dim_memory`
--

DROP TABLE IF EXISTS `dim_memory`;
/*!40101 SET @saved_cs_client     = @@character_set_client */;
/*!50503 SET character_set_client = utf8mb4 */;
CREATE TABLE `dim_memory` (
  `memory_id` int NOT NULL AUTO_INCREMENT,
  `ram_capacity` int DEFAULT NULL,
  `internal_memory` int DEFAULT NULL,
  `extended_memory_available` varchar(10) DEFAULT NULL,
  PRIMARY KEY (`memory_id`)
) ENGINE=InnoDB AUTO_INCREMENT=64 DEFAULT CHARSET=utf8mb4 COLLATE=utf8mb4_0900_ai_ci;
/*!40101 SET character_set_client = @saved_cs_client */;

--
-- Dumping data for table `dim_memory`
--

LOCK TABLES `dim_memory` WRITE;
/*!40000 ALTER TABLE `dim_memory` DISABLE KEYS */;
INSERT INTO `dim_memory` VALUES (1,4,64,'0'),(2,4,128,'0'),(3,4,256,'0'),(4,6,256,'0'),(5,6,512,'0'),(6,4,512,'0'),(7,6,128,'0'),(8,6,1024,'0'),(9,8,128,'0'),(10,8,256,'0'),(11,3,32,'0'),(12,3,64,'0'),(13,12,256,'0'),(14,16,256,'0'),(15,18,512,'0'),(16,16,512,'0'),(17,18,256,'0'),(18,4,64,'1'),(19,8,128,'1'),(20,2,16,'0'),(21,12,256,'1'),(22,4,32,'1'),(23,3,32,'1'),(24,6,128,'1'),(25,6,64,'0'),(26,12,128,'0'),(27,12,512,'0'),(28,4,128,'1'),(29,12,512,'1'),(30,8,512,'0'),(31,8,256,'1'),(32,6,64,'1'),(33,3,64,'1'),(34,2,64,'1'),(35,2,32,'1'),(36,1,8,'0'),(37,2,32,'0'),(38,1,16,'1'),(39,1,16,'0'),(40,4,32,'0'),(41,2,16,'1'),(42,12,128,'1'),(43,12,1024,'0'),(44,2,64,'0'),(45,3,16,'1');
/*!40000 ALTER TABLE `dim_memory` ENABLE KEYS */;
UNLOCK TABLES;

--
-- Table structure for table `dim_model`
--

DROP TABLE IF EXISTS `dim_model`;
/*!40101 SET @saved_cs_client     = @@character_set_client */;
/*!50503 SET character_set_client = utf8mb4 */;
CREATE TABLE `dim_model` (
  `model_id` int NOT NULL AUTO_INCREMENT,
  `model` varchar(150) NOT NULL,
  `brand_id` int DEFAULT NULL,
  PRIMARY KEY (`model_id`),
  UNIQUE KEY `model` (`model`),
  KEY `brand_id` (`brand_id`),
  CONSTRAINT `dim_model_ibfk_1` FOREIGN KEY (`brand_id`) REFERENCES `dim_brand` (`brand_id`)
) ENGINE=InnoDB AUTO_INCREMENT=1024 DEFAULT CHARSET=utf8mb4 COLLATE=utf8mb4_0900_ai_ci;
/*!40101 SET character_set_client = @saved_cs_client */;

--
-- Dumping data for table `dim_model`
--

LOCK TABLES `dim_model` WRITE;
/*!40000 ALTER TABLE `dim_model` DISABLE KEYS */;
INSERT INTO `dim_model` VALUES (1,'Apple iPhone 11',1),(2,'Apple iPhone 11 (128GB)',1),(3,'Apple iPhone 11 Pro Max',1),(4,'Apple iPhone 12',1),(5,'Apple iPhone 12 (128GB)',1),(6,'Apple iPhone 12 (256GB)',1),(7,'Apple iPhone 12 Mini',1),(8,'Apple iPhone 12 Mini (128GB)',1),(9,'Apple iPhone 12 Mini (256GB)',1),(10,'Apple iPhone 12 Pro (256GB)',1),(11,'Apple iPhone 12 Pro (512GB)',1),(12,'Apple iPhone 13',1),(13,'Apple iPhone 13 (256GB)',1),(14,'Apple iPhone 13 (512GB)',1),(15,'Apple iPhone 13 Mini',1),(16,'Apple iPhone 13 Pro',1),(17,'Apple iPhone 13 Pro (1TB)',1),(18,'Apple iPhone 13 Pro (256GB)',1),(19,'Apple iPhone 13 Pro Max',1),(20,'Apple iPhone 13 Pro Max (1TB)',1),(21,'Apple iPhone 13 Pro Max (256GB)',1),(22,'Apple iPhone 14',1),(23,'Apple iPhone 14 (256GB)',1),(24,'Apple iPhone 14 (512GB)',1),(25,'Apple iPhone 14 Mini',1),(26,'Apple iPhone 14 Plus',1),(27,'Apple iPhone 14 Plus (256GB)',1),(28,'Apple iPhone 14 Plus (512GB)',1),(29,'Apple iPhone 14 Pro',1),(30,'Apple iPhone 14 Pro (1TB)',1),(31,'Apple iPhone 14 Pro (256GB)',1),(32,'Apple iPhone 14 Pro Max',1),(33,'Apple iPhone 14 Pro Max (1TB)',1),(34,'Apple iPhone 14 Pro Max (256GB)',1),(35,'Apple iPhone 14 Pro Max (512GB)',1),(36,'Apple iPhone 15',1),(37,'Apple iPhone 15 Plus',1),(38,'Apple iPhone 15 Pro',1),(39,'Apple iPhone 15 Pro Max',1),(40,'Apple iPhone 15 Ultra',1),(41,'Apple iPhone 7s',1),(42,'Apple iPhone 9',1),(43,'Apple iPhone SE 2020',1),(44,'Apple iPhone SE 3 2022',1),(45,'Apple iPhone SE 4',1),(46,'Apple iPhone XR2',1),(47,'Asus ROG Phone 5s 5G',2),(48,'Asus ROG Phone 6',2),(49,'Asus ROG Phone 6 Batman Edition',2),(50,'Asus ROG Phone 6 Pro 5G',2),(51,'Asus ROG Phone 6D Ultimate',2),(52,'Asus ROG Phone 7',2),(53,'Asus ZenFone 9',2),(54,'Blackview BV5200 Pro',3),(55,'BLU F91 5G',4),(56,'CAT S22 Flip',5),(57,'Cola Phone',6),(58,'Doogee S99',7),(59,'Doogee V Max',7),(60,'Duoqin F22 Pro',8),(61,'Gionee G13 Pro',9),(62,'Gionee K10',9),(63,'Gionee M12 Pro',9),(64,'Google Pixel 2 XL',10),(65,'Google Pixel 3a XL',10),(66,'Google Pixel 4',10),(67,'Google Pixel 5',10),(68,'Google Pixel 5A',10),(69,'Google Pixel 6',10),(70,'Google Pixel 6 Pro',10),(71,'Google Pixel 6 Pro (12GB RAM + 256GB)',10),(72,'Google Pixel 6A',10),(73,'Google Pixel 7 5G',10),(74,'Google Pixel 7 Pro 5G',10),(75,'Google Pixel 7A',10),(76,'Google Pixel 8',10),(77,'Google Pixel 8 Pro',10),(78,'Honor 50',11),(79,'Honor 60 SE 5G',11),(80,'Honor 70 5G',11),(81,'Honor 70 5G (8GB RAM + 256GB)',11),(82,'Honor 80 Pro Plus',11),(83,'Honor Magic 4 Pro Plus 5G',11),(84,'Honor Play 30',11),(85,'Honor X6',11),(86,'Honor X7a',11),(87,'Honor X8',11),(88,'Honor X8 5G',11),(89,'Honor X9 5G',11),(90,'Honor X9a',11),(91,'Huawei Honor 9N',12),(92,'Huawei Mate 30 RS Porsche Design',12),(93,'Huawei Mate 40 Pro 4G',12),(94,'Huawei Mate 50 Pro 5G',12),(95,'Huawei Mate 50 RS Porsche Design',12),(96,'Huawei Mate X',12),(97,'Huawei Mate Xs 2',12),(98,'Huawei Nova 10',12),(99,'Huawei Nova 10 SE',12),(100,'Huawei Nova 7i',12),(101,'Huawei Nova 9',12),(102,'Huawei Nova 9 SE',12),(103,'Huawei Nova Y61',12),(104,'Huawei Nova Y90',12),(105,'Huawei P40 Pro',12),(106,'Huawei P50 Pro 4G',12),(107,'iKall Z18',13),(108,'iKall Z19',13),(109,'iKall Z19 Pro',13),(110,'Infinix Hot 11S',14),(111,'Infinix Hot 12',14),(112,'Infinix Hot 12 Play',14),(113,'Infinix Hot 12 Pro',14),(114,'Infinix Hot 12 Pro (8GB RAM+ 128GB)',14),(115,'Infinix Hot 20',14),(116,'Infinix Hot 20 (6GB RAM+ 128GB)',14),(117,'Infinix Hot 20 Play',14),(118,'Infinix Hot 20i',14),(119,'Infinix Hot 20S',14),(120,'Infinix Note 11 (6GB RAM + 128GB)',14),(121,'Infinix Note 11S (8GB RAM + 128GB)',14),(122,'Infinix Note 12',14),(123,'Infinix Note 12 (6GB RAM + 128GB)',14),(124,'Infinix Note 12 (G96)',14),(125,'Infinix Note 12 5G',14),(126,'Infinix Note 12 Pro',14),(127,'Infinix Note 12 Pro 5G',14),(128,'Infinix Note 12 Turbo',14),(129,'Infinix Note 12 VIP',14),(130,'Infinix Note 12i (2022)',14),(131,'Infinix Note 13 Pro',14),(132,'Infinix Smart 6',14),(133,'Infinix Smart 6 HD',14),(134,'Infinix Smart 6 Plus',14),(135,'Infinix Zero 20',14),(136,'Infinix Zero 5G 2023',14),(137,'Infinix Zero Ultra',14),(138,'Infinix Zero X Pro',14),(139,'iQOO 11 (16GB RAM + 256GB)',15),(140,'iQOO 11 5G',15),(141,'iQOO 11 Pro 5G',15),(142,'iQOO 7',15),(143,'iQOO 7 (12GB RAM + 256GB)',15),(144,'iQOO 7 Legend',15),(145,'iQOO 9 5G',15),(146,'iQOO 9 5G (12GB RAM + 256GB)',15),(147,'iQOO 9 Pro 5G',15),(148,'iQOO 9 SE 5G',15),(149,'iQOO 9 SE 5G (12GB RAM + 256GB)',15),(150,'iQOO 9T 5G',15),(151,'iQOO Neo 6 5G',15),(152,'iQOO Neo 6 5G (12GB RAM + 256GB)',15),(153,'iQOO Neo 6 SE 5G',15),(154,'iQOO Neo 7 5G',15),(155,'iQOO Neo 7 Racing Edition',15),(156,'iQOO Neo 7 SE 5G',15),(157,'iQOO Z6 4G',15),(158,'iQOO Z6 4G (6GB RAM + 128GB)',15),(159,'iQOO Z6 5G',15),(160,'iQOO Z6 5G (6GB RAM + 128GB)',15),(161,'iQOO Z6 5G (8GB RAM + 128GB)',15),(162,'iQOO Z6 Lite (6GB RAM + 128GB)',15),(163,'iQOO Z6 Lite 5G',15),(164,'iQOO Z6 Pro 5G',15),(165,'iQOO Z6 Pro 5G (12GB RAM + 256GB)',15),(166,'iQOO Z6 Pro 5G (8GB RAM + 128GB)',15),(167,'iQOO Z7 5G',15),(168,'iQOO Z7 Pro 5G',15),(169,'iQOO Z8 5G',15),(170,'iQOO Z9',15),(171,'Itel A23 Pro',16),(172,'itel A23s',16),(173,'Itel A24 Pro',16),(174,'itel A56',16),(175,'itel P36',16),(176,'itel S16',16),(177,'itel S16 Pro',16),(178,'itel Vision 1 (3GB RAM + 32GB)',16),(179,'itel Vision 3',16),(180,'itel Vision 3 (2GB RAM + 32GB)',16),(181,'Jio JioPhone 5G',17),(182,'Jio JioPhone Next',17),(183,'Jio JioPhone Next (3GB RAM + 32GB)',17),(184,'Jio Phone 3',17),(185,'Lava Agni 5G',18),(186,'Lava Blaze 5G',18),(187,'Lava Blaze NXT',18),(188,'Lava X3',18),(189,'LeEco S1 Pro',19),(190,'Leitz Phone 2',20),(191,'Lenovo Legion Pro 2',21),(192,'Lenovo Legion Y90',21),(193,'Letv Y1 Pro',22),(194,'Letv Y1 Pro Plus',22),(195,'Letv Y2 Pro',22),(196,'LG V60 ThinQ',23),(197,'LG Velvet 5G',23),(198,'LG Wing 5G',23),(199,'Lyf Earth 1',24),(200,'Lyf Earth 2',24),(201,'Micromax IN 2B',25),(202,'Micromax IN 2B (6GB RAM + 64GB)',25),(203,'Micromax IN 2C',25),(204,'Motorola Edge 20 Fusion 5G',26),(205,'Motorola Edge 30 5G',26),(206,'Motorola Edge 30 5G (8GB RAM + 128GB)',26),(207,'Motorola Edge 30 Fusion 5G',26),(208,'Motorola Edge 30 Pro 5G',26),(209,'Motorola Edge 30 Ultra',26),(210,'Motorola Edge 30 Ultra (12GB RAM + 256GB)',26),(211,'Motorola Edge 40 5G',26),(212,'Motorola Edge 40 Fusion',26),(213,'Motorola Edge 40 Pro 5G',26),(214,'Motorola Edge Plus',26),(215,'Motorola Edge S',26),(216,'Motorola Moto E13',26),(217,'Motorola Moto E22s',26),(218,'Motorola Moto E32',26),(219,'Motorola Moto E32s',26),(220,'Motorola Moto E32s (4GB RAM + 64GB)',26),(221,'Motorola Moto E40',26),(222,'Motorola Moto Edge 30 Neo',26),(223,'Motorola Moto Edge S30 5G',26),(224,'Motorola Moto Edge S30 Pro',26),(225,'Motorola Moto Edge X30 Pro',26),(226,'Motorola Moto G 5G',26),(227,'Motorola Moto G13',26),(228,'Motorola Moto G22',26),(229,'Motorola Moto G23',26),(230,'Motorola Moto G31',26),(231,'Motorola Moto G31 (6GB RAM+ 128GB)',26),(232,'Motorola Moto G32',26),(233,'Motorola Moto G40 Fusion',26),(234,'Motorola Moto G42',26),(235,'Motorola Moto G51 5G',26),(236,'Motorola Moto G52',26),(237,'Motorola Moto G52 (6GB RAM + 128GB)',26),(238,'Motorola Moto G52 5G',26),(239,'Motorola Moto G53',26),(240,'Motorola Moto G60',26),(241,'Motorola Moto G62 (8GB RAM + 128GB)',26),(242,'Motorola Moto G62 5G',26),(243,'Motorola Moto G71 5G',26),(244,'Motorola Moto G72',26),(245,'Motorola Moto G72 4G',26),(246,'Motorola Moto G73',26),(247,'Motorola Moto G82 (8GB RAM + 128GB)',26),(248,'Motorola Moto G82 5G',26),(249,'Motorola Moto G91 5G',26),(250,'Motorola Moto S30 Pro',26),(251,'Motorola Moto X30 Pro',26),(252,'Motorola Moto X40',26),(253,'Motorola One Fusion Plus',26),(254,'Motorola One Macro',26),(255,'Motorola ThinkPhone',26),(256,'Nokia C01 Plus',27),(257,'Nokia C21 Plus (4GB RAM + 64GB)',27),(258,'Nokia C31',27),(259,'Nokia G11 Plus',27),(260,'Nokia G21',27),(261,'Nokia G21 (6GB RAM + 128GB)',27),(262,'Nokia G60',27),(263,'Nokia N73 5G',27),(264,'Nokia X100 5G',27),(265,'Nokia X30',27),(266,'Nokia X50 5G',27),(267,'Nokia X60 5G',27),(268,'Nokia X60 Pro 5G',27),(269,'Nothing Phone 1',28),(270,'Nothing Phone 1 (12GB RAM + 256GB)',28),(271,'Nothing Phone 1 (8GB RAM + 256GB)',28),(272,'Nothing Phone 1 Lite',28),(273,'Nothing Phone 2',28),(274,'Nubia Red Magic 6S 5G',29),(275,'Nubia Red Magic 7S Pro',29),(276,'Nubia Red Magic 8 Pro 5G',29),(277,'Nubia Red Magic 8 Pro Plus',29),(278,'Nubia Z40 Pro 5G',29),(279,'Nubia Z50',29),(280,'OnePlus 10 Pro 5G',30),(281,'OnePlus 10 Pro 5G (12GB RAM + 256GB)',30),(282,'OnePlus 10 Pro 5G (12GB RAM + 512GB)',30),(283,'OnePlus 10R 5G',30),(284,'OnePlus 10R 5G (12GB RAM + 256GB)',30),(285,'OnePlus 10R Prime Edition',30),(286,'OnePlus 10T',30),(287,'OnePlus 10T (12GB RAM + 256GB)',30),(288,'OnePlus 10T (16GB RAM + 256GB)',30),(289,'OnePlus 11 5G',30),(290,'OnePlus 11 Pro',30),(291,'OnePlus 11R',30),(292,'OnePlus 12 Pro',30),(293,'OnePlus 6 (8GB RAM + 128GB)',30),(294,'OnePlus 9 Pro',30),(295,'OnePlus 9RT 5G',30),(296,'OnePlus 9T',30),(297,'OnePlus Ace 2',30),(298,'OnePlus Ace 5G',30),(299,'OnePlus Ace Pro',30),(300,'OnePlus Ace Racing Edition 5G',30),(301,'OnePlus Clover',30),(302,'OnePlus Nord 2 Lite 5G',30),(303,'OnePlus Nord 2T (12GB RAM + 256GB)',30),(304,'OnePlus Nord 2T 5G',30),(305,'OnePlus Nord 3 5G',30),(306,'OnePlus Nord 3T 5G',30),(307,'OnePlus Nord 4 5G',30),(308,'OnePlus Nord 5',30),(309,'OnePlus Nord CE 2 Lite 5G',30),(310,'OnePlus Nord CE 2 Lite 5G (8GB RAM + 128GB)',30),(311,'OnePlus Nord CE 2 Lite 5G (8GB RAM + 256GB)',30),(312,'OnePlus Nord CE 3 5G',30),(313,'OnePlus Nord CE 3 Lite 5G',30),(314,'OnePlus Nord Lite',30),(315,'OnePlus Nord N10',30),(316,'OnePlus Nord N100',30),(317,'OnePlus Nord N20 5G',30),(318,'OnePlus Nord N200',30),(319,'OnePlus Nord N300',30),(320,'OnePlus Nord SE',30),(321,'OnePlus Z',30),(322,'OPPO A1 Pro',31),(323,'Oppo A12',31),(324,'OPPO A15',31),(325,'Oppo A15s (4GB RAM + 128GB)',31),(326,'OPPO A16',31),(327,'OPPO A16e',31),(328,'OPPO A16e (4GB RAM + 64GB)',31),(329,'OPPO A16K (4GB RAM + 64GB)',31),(330,'OPPO A17',31),(331,'OPPO A17K',31),(332,'Oppo A31 2020 (6GB RAM + 128GB)',31),(333,'OPPO A53 2020 (6GB RAM + 128GB)',31),(334,'OPPO A54',31),(335,'OPPO A54 (4GB RAM + 128GB)',31),(336,'OPPO A54 (6GB RAM + 128GB)',31),(337,'OPPO A55 4G',31),(338,'OPPO A55 4G (6GB RAM + 128GB)',31),(339,'OPPO A55 5G',31),(340,'Oppo A56 5G',31),(341,'Oppo A56s',31),(342,'OPPO A57 4G',31),(343,'OPPO A57 4G (4GB RAM + 64 GB)',31),(344,'OPPO A58',31),(345,'OPPO A58x',31),(346,'OPPO A73',31),(347,'OPPO A74 5G',31),(348,'OPPO A76',31),(349,'OPPO A77',31),(350,'OPPO A77 (4GB RAM + 128 GB)',31),(351,'Oppo A77 5G',31),(352,'OPPO A77s',31),(353,'Oppo A78',31),(354,'OPPO A96 4G',31),(355,'Oppo A96 5G',31),(356,'OPPO A97 5G',31),(357,'Oppo A98',31),(358,'OPPO F17 Pro',31),(359,'OPPO F19',31),(360,'OPPO F19 Pro',31),(361,'OPPO F19 Pro Plus 5G',31),(362,'OPPO F19s',31),(363,'OPPO F21 Pro 4G',31),(364,'OPPO F21 Pro 5G',31),(365,'OPPO F21s Pro',31),(366,'OPPO F21s Pro 4G',31),(367,'OPPO F22 Pro',31),(368,'OPPO F23 Pro',31),(369,'OPPO F23 Pro Plus 5G',31),(370,'Oppo Find N 5G',31),(371,'OPPO Find N Flip',31),(372,'Oppo Find N Fold',31),(373,'Oppo Find N2 5G',31),(374,'OPPO Find N2 Flip',31),(375,'Oppo Find X3 Pro',31),(376,'Oppo Find X5 Pro 5G',31),(377,'Oppo Find X6',31),(378,'Oppo Find X6 Pro',31),(379,'OPPO K10',31),(380,'OPPO K10 (8GB RAM + 128GB)',31),(381,'OPPO K10 5G',31),(382,'Oppo K10 Pro 5G',31),(383,'Oppo K10x 5G',31),(384,'Oppo K5 (8GB RAM + 128GB)',31),(385,'OPPO Reno 10',31),(386,'OPPO Reno 10 Pro',31),(387,'Oppo Reno 10 Pro Plus',31),(388,'Oppo Reno 5',31),(389,'Oppo Reno 5 Pro 5G',31),(390,'Oppo Reno 5A',31),(391,'OPPO Reno 6',31),(392,'OPPO Reno 6 Pro 5G',31),(393,'OPPO Reno 6 Pro Plus 5G',31),(394,'OPPO Reno 8 House of Dragon Edition',31),(395,'Oppo Reno 8 Pro (8GB RAM + 256GB)',31),(396,'OPPO Reno 8 Pro 5G',31),(397,'OPPO Reno 8 Pro House of Dragon Edition',31),(398,'OPPO Reno 8 Z',31),(399,'Oppo Reno 8T',31),(400,'Oppo Reno 8T 4G',31),(401,'OPPO Reno 9 5G',31),(402,'OPPO Reno 9 Pro 5G',31),(403,'OPPO Reno 9 Pro Plus',31),(404,'OPPO Reno 9 Z',31),(405,'OPPO Reno7 5G',31),(406,'OPPO Reno7 Pro 5G',31),(407,'OPPO Reno7 Z 5G',31),(408,'OPPO Reno8 5G',31),(409,'OPPO X 2021',31),(410,'Oukitel WP19',32),(411,'Oukitel WP21',32),(412,'Oukitel WP9',32),(413,'POCO C31',33),(414,'POCO C31 (4GB RAM + 64GB)',33),(415,'Poco C50',33),(416,'Poco C50 (3GB RAM + 32GB)',33),(417,'Poco C55',33),(418,'Poco F3 GT',33),(419,'Poco F4 (12GB RAM + 256GB)',33),(420,'Poco F4 5G',33),(421,'Poco F4 5G (8GB RAM + 128GB)',33),(422,'POCO F4 GT 5G',33),(423,'Poco F5',33),(424,'POCO F5 GT 5G',33),(425,'Poco F5 Pro',33),(426,'Poco M2',33),(427,'POCO M2 Pro',33),(428,'Poco M3',33),(429,'POCO M3 Pro 5G',33),(430,'POCO M3 Pro 5G (6GB RAM + 128GB)',33),(431,'Poco M4 5G',33),(432,'Poco M4 5G (6GB RAM + 128GB)',33),(433,'POCO M4 Pro 4G',33),(434,'POCO M4 Pro 4G (6GB RAM + 128GB)',33),(435,'POCO M4 Pro 4G (8GB RAM + 128GB)',33),(436,'Poco M4 Pro 5G',33),(437,'Poco M4 Pro 5G (6GB RAM + 128GB)',33),(438,'Poco M4 Pro 5G (8GB RAM + 128GB)',33),(439,'Poco M5',33),(440,'Poco M5 (6GB RAM + 128GB)',33),(441,'Poco M6 Pro',33),(442,'Poco X3',33),(443,'Poco X3 Pro',33),(444,'Poco X4',33),(445,'POCO X4 GT 5G',33),(446,'POCO X4 GT 5G (8GB RAM + 256GB)',33),(447,'Poco X4 Pro 5G',33),(448,'Poco X4 Pro 5G (6GB RAM + 128GB)',33),(449,'Poco X4 Pro 5G (8GB RAM + 128GB)',33),(450,'Poco X5',33),(451,'POCO X5 GT',33),(452,'Poco X5 Pro',33),(453,'Poco X6 Pro 5G',33),(454,'Realme 10',34),(455,'Realme 10 (8GB RAM + 128GB)',34),(456,'Realme 10 5G',34),(457,'Realme 10 Pro',34),(458,'Realme 10 Pro (8GB RAM + 128GB)',34),(459,'Realme 10 Pro Plus',34),(460,'Realme 10 Pro Plus (8GB RAM + 256GB)',34),(461,'Realme 10s',34),(462,'Realme 11 Pro',34),(463,'Realme 11 Pro Plus',34),(464,'Realme 6 (6GB RAM + 64GB)',34),(465,'Realme 6 Pro',34),(466,'Realme 7 Pro (8GB RAM + 128GB)',34),(467,'Realme 8',34),(468,'Realme 8 (8GB RAM + 128GB)',34),(469,'Realme 8 5G',34),(470,'Realme 8 5G (8GB RAM + 128GB)',34),(471,'Realme 8i',34),(472,'Realme 8i (6GB RAM + 128GB)',34),(473,'Realme 8s 5G',34),(474,'Realme 8s 5G (8GB RAM + 128GB)',34),(475,'Realme 9 4G',34),(476,'Realme 9 4G (8GB RAM + 128GB)',34),(477,'Realme 9 5G',34),(478,'Realme 9 5G (6GB RAM + 128GB)',34),(479,'Realme 9 5G SE',34),(480,'Realme 9 5G SE (8GB RAM + 128GB)',34),(481,'Realme 9 Pro 5G',34),(482,'Realme 9 Pro 5G (8GB RAM + 128GB)',34),(483,'Realme 9 Pro Plus 5G',34),(484,'Realme 9 Pro Plus 5G (8GB RAM + 128GB)',34),(485,'Realme 9 Pro Plus 5G (8GB RAM + 256GB)',34),(486,'Realme 9i',34),(487,'Realme 9i (4GB RAM + 128GB)',34),(488,'Realme 9i (6GB RAM + 128GB)',34),(489,'Realme 9i 5G',34),(490,'Realme 9i 5G (6GB RAM + 128GB)',34),(491,'Realme A1',34),(492,'Realme C11',34),(493,'Realme C11 2021',34),(494,'Realme C11 2021 (4GB RAM + 64GB)',34),(495,'Realme C2',34),(496,'Realme C21Y',34),(497,'Realme C25Y (4GB RAM + 64GB)',34),(498,'Realme C2s',34),(499,'Realme C30',34),(500,'Realme C30 (3GB RAM + 32GB)',34),(501,'Realme C30s',34),(502,'Realme C30s (4GB RAM + 64GB)',34),(503,'Realme C31',34),(504,'Realme C31 (4GB RAM + 64GB)',34),(505,'Realme C32',34),(506,'Realme C33',34),(507,'Realme C33 (4GB RAM + 64GB)',34),(508,'Realme C35',34),(509,'Realme C35 (4GB RAM + 128GB)',34),(510,'Realme C35 (6GB RAM + 128GB)',34),(511,'Realme G1',34),(512,'Realme GT 2 5G',34),(513,'Realme GT 2 Explorer Master Edition',34),(514,'Realme GT 2 Pro 5G',34),(515,'Realme GT 2 Pro 5G (12GB RAM + 256GB)',34),(516,'Realme GT 5G',34),(517,'Realme GT Explorer Master Edition',34),(518,'Realme GT Master Edition 5G',34),(519,'Realme GT Neo 3 5G',34),(520,'Realme GT Neo 3T',34),(521,'Realme GT Neo 3T (8GB RAM + 128GB)',34),(522,'Realme GT Neo 3T (8GB RAM + 256GB)',34),(523,'Realme GT Neo 4T',34),(524,'Realme GT Neo 5',34),(525,'Realme GT Neo2 5G',34),(526,'Realme Narzo 20',34),(527,'Realme Narzo 30 5G',34),(528,'Realme Narzo 30 Pro 5G (8GB RAM +128GB)',34),(529,'Realme Narzo 50',34),(530,'Realme Narzo 50 (6GB RAM + 128GB)',34),(531,'Realme Narzo 50 5G',34),(532,'Realme Narzo 50 5G (4GB RAM + 128GB)',34),(533,'Realme Narzo 50 5G (4GB RAM + 64GB)',34),(534,'Realme Narzo 50 Pro 5G',34),(535,'Realme Narzo 50 Pro 5G (8GB RAM + 128GB)',34),(536,'Realme Narzo 50A',34),(537,'Realme Narzo 50A Prime',34),(538,'Realme Narzo 50A Prime (4GB RAM + 128GB)',34),(539,'Realme Narzo 50i',34),(540,'Realme Narzo 50i (4GB RAM + 64GB)',34),(541,'Realme Narzo 50i Prime',34),(542,'Realme Narzo 50i Prime (4GB RAM + 64GB)',34),(543,'Realme Q2i',34),(544,'Realme Q3',34),(545,'Realme Q3i 5G',34),(546,'Realme Q5 5G',34),(547,'Realme X50 Pro 5G (12GB RAM + 256GB)',34),(548,'Realme X50 Pro 5G (8GB RAM + 128GB)',34),(549,'Realme X7 Max',34),(550,'Realme XT',34),(551,'Redmi 12C',35),(552,'Redmi Note 11 Pro 2023',35),(553,'Redmi Note 12 Pro Speed Edition',35),(554,'Royole FlexPai 2',36),(555,'Royole FlexPai 3 5G',36),(556,'Samsung Galaxy A01 Core',37),(557,'Samsung Galaxy A03',37),(558,'Samsung Galaxy A03 (4GB RAM + 64GB)',37),(559,'Samsung Galaxy A03 Core',37),(560,'Samsung Galaxy A03s',37),(561,'Samsung Galaxy A04',37),(562,'Samsung Galaxy A04 (4GB RAM + 128GB)',37),(563,'Samsung Galaxy A04e',37),(564,'Samsung Galaxy A04e (3GB RAM + 64GB)',37),(565,'Samsung Galaxy A04e (4GB RAM + 128GB)',37),(566,'Samsung Galaxy A04s',37),(567,'Samsung Galaxy A04s (4GB RAM + 128GB)',37),(568,'Samsung Galaxy A05',37),(569,'Samsung Galaxy A11',37),(570,'Samsung Galaxy A12',37),(571,'Samsung Galaxy A12 (6GB RAM + 128GB)',37),(572,'Samsung Galaxy A13',37),(573,'Samsung Galaxy A13 (4GB RAM + 128GB)',37),(574,'Samsung Galaxy A13 (6GB RAM + 128GB)',37),(575,'Samsung Galaxy A13 5G',37),(576,'Samsung Galaxy A14 5G',37),(577,'Samsung Galaxy A14 5G (6GB RAM + 128GB)',37),(578,'Samsung Galaxy A14 5G (8GB RAM + 128GB)',37),(579,'Samsung Galaxy A15',37),(580,'Samsung Galaxy A21s (6GB RAM + 128GB)',37),(581,'Samsung Galaxy A22',37),(582,'Samsung Galaxy A22 5G',37),(583,'Samsung Galaxy A23',37),(584,'Samsung Galaxy A23 (8GB RAM + 128GB)',37),(585,'Samsung Galaxy A23 5G',37),(586,'Samsung Galaxy A23 5G (8GB RAM + 128GB)',37),(587,'Samsung Galaxy A24',37),(588,'Samsung Galaxy A32',37),(589,'Samsung Galaxy A32 (8GB RAM + 128GB)',37),(590,'Samsung Galaxy A32 5G',37),(591,'Samsung Galaxy A33 5G',37),(592,'Samsung Galaxy A33 5G (8GB RAM + 128GB)',37),(593,'Samsung Galaxy A34 5G',37),(594,'Samsung Galaxy A40',37),(595,'Samsung Galaxy A50s',37),(596,'Samsung Galaxy A52',37),(597,'Samsung Galaxy A52 (8GB RAM + 128GB)',37),(598,'Samsung Galaxy A53 (8GB RAM + 256GB)',37),(599,'Samsung Galaxy A53 5G',37),(600,'Samsung Galaxy A53 5G (8GB RAM + 128GB)',37),(601,'Samsung Galaxy A54 5G',37),(602,'Samsung Galaxy A7 (2018)',37),(603,'Samsung Galaxy A71',37),(604,'Samsung Galaxy A73 5G',37),(605,'Samsung Galaxy A73 5G (8GB RAM + 256GB)',37),(606,'Samsung Galaxy A74 5G',37),(607,'Samsung Galaxy A75 5G',37),(608,'Samsung Galaxy A82 5G',37),(609,'Samsung Galaxy A83 5G',37),(610,'Samsung Galaxy A9 Pro (2019)',37),(611,'Samsung Galaxy A92 5G',37),(612,'Samsung Galaxy F04',37),(613,'Samsung Galaxy F12',37),(614,'Samsung Galaxy F13',37),(615,'Samsung Galaxy F13 (4GB RAM + 128GB)',37),(616,'Samsung Galaxy F14',37),(617,'Samsung Galaxy F22',37),(618,'Samsung Galaxy F22 (6GB RAM + 128GB)',37),(619,'Samsung Galaxy F23 5G',37),(620,'Samsung Galaxy F23 5G (6GB RAM + 128GB)',37),(621,'Samsung Galaxy F24 5G',37),(622,'Samsung Galaxy F41 (6GB RAM + 128GB)',37),(623,'Samsung Galaxy F42 5G',37),(624,'Samsung Galaxy F42 5G (8GB RAM + 128GB)',37),(625,'Samsung Galaxy F63',37),(626,'Samsung Galaxy M04',37),(627,'Samsung Galaxy M04 (4GB RAM + 128GB)',37),(628,'Samsung Galaxy M12',37),(629,'Samsung Galaxy M13',37),(630,'Samsung Galaxy M13 (4GB RAM + 64GB)',37),(631,'Samsung Galaxy M13 5G',37),(632,'Samsung Galaxy M13 5G (4GB RAM + 64GB)',37),(633,'Samsung Galaxy M14',37),(634,'Samsung Galaxy M21 2021',37),(635,'Samsung Galaxy M32',37),(636,'Samsung Galaxy M32 (6GB RAM + 128GB)',37),(637,'Samsung Galaxy M32 Prime Edition',37),(638,'Samsung Galaxy M32 Prime Edition (6GB RAM + 128GB)',37),(639,'Samsung Galaxy M33 5G',37),(640,'Samsung Galaxy M33 5G (8GB RAM + 128GB)',37),(641,'Samsung Galaxy M34 5G',37),(642,'Samsung Galaxy M35',37),(643,'Samsung Galaxy M51s 5G',37),(644,'Samsung Galaxy M52s 5G',37),(645,'Samsung Galaxy M53 5G',37),(646,'Samsung Galaxy M53 5G (8GB RAM + 128GB)',37),(647,'Samsung Galaxy M54 5G',37),(648,'Samsung Galaxy M62',37),(649,'Samsung Galaxy Note 10 Lite',37),(650,'Samsung Galaxy Note 10 Plus',37),(651,'Samsung Galaxy Note 10 Plus 5G',37),(652,'Samsung Galaxy Note 20',37),(653,'Samsung Galaxy Note 30 Ultra 5G',37),(654,'Samsung Galaxy S10 5G',37),(655,'Samsung Galaxy S10 Plus',37),(656,'Samsung Galaxy S20',37),(657,'Samsung Galaxy S20 5G',37),(658,'Samsung Galaxy S20 FE',37),(659,'Samsung Galaxy S20 FE 5G',37),(660,'Samsung Galaxy S20 Plus',37),(661,'Samsung Galaxy S20 Plus 5G',37),(662,'Samsung Galaxy S20 Ultra 5G',37),(663,'Samsung Galaxy S21',37),(664,'Samsung Galaxy S21 FE 5G',37),(665,'Samsung Galaxy S21 FE 5G (8GB RAM + 256GB)',37),(666,'Samsung Galaxy S21 Plus',37),(667,'Samsung Galaxy S21 Ultra',37),(668,'Samsung Galaxy S21 Ultra 5G (12GB RAM + 128GB)',37),(669,'Samsung Galaxy S22 5G',37),(670,'Samsung Galaxy S22 5G (8GB RAM + 256GB)',37),(671,'Samsung Galaxy S22 FE 5G',37),(672,'Samsung Galaxy S22 Plus 5G',37),(673,'Samsung Galaxy S22 Plus 5G (8GB RAM + 256GB)',37),(674,'Samsung Galaxy S22 Ultra 5G',37),(675,'Samsung Galaxy S22 Ultra 5G (12GB RAM + 512GB)',37),(676,'Samsung Galaxy S22 Ultra 5G (8GB RAM + 128GB)',37),(677,'Samsung Galaxy S23',37),(678,'Samsung Galaxy S23 FE 5G',37),(679,'Samsung Galaxy S23 Plus',37),(680,'Samsung Galaxy S23 Ultra 5G',37),(681,'Samsung Galaxy S24 Ultra',37),(682,'Samsung Galaxy S9 Plus (128GB)',37),(683,'Samsung Galaxy Z Flip 3',37),(684,'Samsung Galaxy Z Flip 4 5G',37),(685,'Samsung Galaxy Z Fold 3',37),(686,'Samsung Galaxy Z Fold 4',37),(687,'Samsung Galaxy Z Fold 4 (12GB RAM + 1TB)',37),(688,'Sharp Aquos R5G',38),(689,'Sony Xperia 1 II',39),(690,'Sony Xperia 1 IV (12GB RAM + 512GB)',39),(691,'Sony Xperia 10 II',39),(692,'Sony Xperia 10 III Lite 5G',39),(693,'Sony Xperia 5 II',39),(694,'Sony Xperia 5 IV 5G',39),(695,'Sony Xperia Ace IV',39),(696,'Sony Xperia L5 5G',39),(697,'Sony Xperia Pro-I',39),(698,'TCL Ion X',40),(699,'Tecno Camon 18',41),(700,'Tecno Camon 19',41),(701,'Tecno Camon 19 Neo',41),(702,'Tecno Camon 19 Pro',41),(703,'Tecno Camon 19 Pro 5G',41),(704,'Tecno Camon 19 Pro Mondrian Edition',41),(705,'Tecno Camon 20 Premier',41),(706,'Tecno Phantom X',41),(707,'Tecno Phantom X Pro',41),(708,'Tecno Phantom X2',41),(709,'Tecno Phantom X2 Pro',41),(710,'Tecno Pop 5 Go',41),(711,'Tecno Pop 6 Pro',41),(712,'Tecno Pova 2',41),(713,'Tecno Pova 3',41),(714,'Tecno Pova 3 (6GB RAM + 128GB)',41),(715,'Tecno Pova 4',41),(716,'Tecno Pova 4 Pro',41),(717,'Tecno Pova 5G',41),(718,'Tecno Pova Neo 2',41),(719,'Tecno Pova Neo 5G',41),(720,'Tecno Spark 8 (4GB RAM + 64GB)',41),(721,'Tecno Spark 8 Pro',41),(722,'Tecno Spark 8C',41),(723,'Tecno Spark 8C (4GB RAM + 64GB)',41),(724,'Tecno Spark 8T',41),(725,'Tecno Spark 9',41),(726,'Tecno Spark 9 (3GB RAM + 64GB)',41),(727,'Tecno Spark 9 (4GB RAM + 64GB)',41),(728,'Tecno Spark 9 Pro',41),(729,'Tecno Spark 9T',41),(730,'Tecno Spark Go 2022',41),(731,'Tecno Spark Go 2023',41),(732,'Tesla Pi Phone',42),(733,'Vertu Signature Touch',43),(734,'Vivo S1 Pro',44),(735,'Vivo S16',44),(736,'Vivo S16 Pro',44),(737,'Vivo S17 Pro',44),(738,'Vivo T1 44W',44),(739,'Vivo T1 44W (6GB RAM + 128GB)',44),(740,'Vivo T1 44W (8GB RAM + 128GB)',44),(741,'Vivo T1 5G',44),(742,'Vivo T1 5G (6GB RAM + 128GB)',44),(743,'Vivo T1 5G (8GB RAM + 128GB)',44),(744,'Vivo T1 Pro',44),(745,'Vivo T1 Pro 5G (8GB RAM + 128GB)',44),(746,'Vivo T1x (4GB RAM + 128GB)',44),(747,'Vivo T1x (6GB RAM + 128GB)',44),(748,'Vivo T1x 4G',44),(749,'Vivo T2 5G',44),(750,'Vivo T2 Pro 5G',44),(751,'Vivo T2x 5G',44),(752,'Vivo T3 Pro',44),(753,'Vivo U3',44),(754,'Vivo U3 (6GB RAM + 64GB)',44),(755,'Vivo U3x',44),(756,'Vivo V11i',44),(757,'Vivo V15 Pro (8GB RAM +128GB)',44),(758,'Vivo V19 (8GB RAM + 256GB)',44),(759,'Vivo V20',44),(760,'Vivo V20 Pro',44),(761,'Vivo V20 SE',44),(762,'Vivo V21',44),(763,'Vivo V21 5G',44),(764,'Vivo V21 Pro',44),(765,'Vivo V21s',44),(766,'Vivo V23 5G',44),(767,'Vivo V23 5G (12GB RAM + 256GB)',44),(768,'Vivo V23 Pro 5G',44),(769,'Vivo V23 Pro 5G (12GB RAM + 256GB)',44),(770,'Vivo V23e',44),(771,'Vivo V23e 5G',44),(772,'Vivo V25 (12GB RAM + 256GB)',44),(773,'Vivo V25 5G',44),(774,'Vivo V25 Pro (12GB RAM + 256GB)',44),(775,'Vivo V25 Pro 5G',44),(776,'Vivo V25e',44),(777,'Vivo V26 Pro',44),(778,'Vivo V27',44),(779,'Vivo V27 Pro',44),(780,'Vivo V28',44),(781,'Vivo V29',44),(782,'Vivo X Fold 2',44),(783,'Vivo X Fold 5G',44),(784,'Vivo X Fold 5G (12GB RAM + 512GB)',44),(785,'Vivo X Fold Plus',44),(786,'Vivo X Note 5G (12GB RAM + 512GB)',44),(787,'Vivo X80 5G',44),(788,'Vivo X80 5G (12GB RAM + 256GB)',44),(789,'Vivo X80 Pro 5G',44),(790,'Vivo X80 Pro Plus 5G',44),(791,'Vivo X90 5G',44),(792,'Vivo X90 Pro 5G',44),(793,'Vivo X90 Pro Plus 5G',44),(794,'Vivo Y01',44),(795,'Vivo Y01A',44),(796,'Vivo Y02',44),(797,'Vivo Y02 (2GB RAM + 32GB)',44),(798,'Vivo Y02s',44),(799,'Vivo Y10',44),(800,'Vivo Y100',44),(801,'Vivo Y11 (2019)',44),(802,'Vivo Y12 (3GB RAM + 64GB)',44),(803,'Vivo Y12a',44),(804,'Vivo Y12G (3GB RAM + 64GB)',44),(805,'Vivo Y15',44),(806,'Vivo Y15C',44),(807,'Vivo Y15C (3GB RAM + 64GB)',44),(808,'Vivo Y15s',44),(809,'Vivo Y16',44),(810,'Vivo Y16 (3GB RAM + 64GB)',44),(811,'Vivo Y16 (4GB RAM + 64GB)',44),(812,'Vivo Y19',44),(813,'Vivo Y20G',44),(814,'Vivo Y21 (2020)',44),(815,'Vivo Y21 2021',44),(816,'Vivo Y21e',44),(817,'Vivo Y21s',44),(818,'Vivo Y21T',44),(819,'Vivo Y22',44),(820,'Vivo Y22 (6GB RAM + 128GB)',44),(821,'Vivo Y22s',44),(822,'Vivo Y25',44),(823,'Vivo Y3 (4GB RAM + 128GB)',44),(824,'Vivo Y33s',44),(825,'Vivo Y33T',44),(826,'Vivo Y35',44),(827,'Vivo Y35 5G',44),(828,'Vivo Y53s',44),(829,'Vivo Y53t',44),(830,'Vivo Y55 4G',44),(831,'Vivo Y55 5G',44),(832,'Vivo Y55S',44),(833,'Vivo Y55s 2023',44),(834,'Vivo Y55s 5G',44),(835,'Vivo Y71',44),(836,'Vivo Y73 2021',44),(837,'Vivo Y73T',44),(838,'Vivo Y75 4G',44),(839,'Vivo Y75 5G',44),(840,'Vivo Y77 5G',44),(841,'Vivo Y78 5G',44),(842,'Vivo Y91c',44),(843,'Vivo Y93',44),(844,'Vivo Y95',44),(845,'Xiaomi 11i 5G (8GB RAM + 128GB)',45),(846,'Xiaomi 11i HyperCharge 5G',45),(847,'Xiaomi 11i HyperCharge 5G (8GB RAM + 128GB)',45),(848,'Xiaomi 11T Pro 5G (12GB RAM + 256GB)',45),(849,'Xiaomi 12 Lite 5G',45),(850,'Xiaomi 12 Pro 5G',45),(851,'Xiaomi 12 Pro 5G (12GB RAM + 256GB)',45),(852,'Xiaomi 12 Ultra 5G',45),(853,'Xiaomi 12S Ultra',45),(854,'Xiaomi 12T',45),(855,'Xiaomi 12T Pro 5G',45),(856,'Xiaomi 13 5G',45),(857,'Xiaomi 13 Pro 5G',45),(858,'Xiaomi 13 Ultra 5G',45),(859,'Xiaomi 14',45),(860,'Xiaomi Civi 2',45),(861,'Xiaomi Civi 3',45),(862,'Xiaomi Mi 10 5G (8GB RAM + 256GB)',45),(863,'Xiaomi Mi 10T 5G',45),(864,'Xiaomi Mi 10T Pro 5G',45),(865,'Xiaomi Mi 11 Lite (8GB RAM + 128GB)',45),(866,'Xiaomi Mi 11 Lite NE 5G',45),(867,'Xiaomi Mi 11 Lite NE 5G (8GB RAM + 128GB)',45),(868,'Xiaomi Mi 11i 5G',45),(869,'Xiaomi Mi 11T Pro 5G',45),(870,'Xiaomi Mi 11X',45),(871,'Xiaomi Mi 11X 5G (8GB RAM + 128GB)',45),(872,'Xiaomi Mi 11X Pro',45),(873,'Xiaomi Mi 12 5G',45),(874,'Xiaomi Mi Mix Alpha',45),(875,'Xiaomi Mi Mix Fold',45),(876,'Xiaomi Mix Fold 2 5G',45),(877,'Xiaomi Poco F1',45),(878,'Xiaomi Poco F1 (6GB RAM + 128GB)',45),(879,'Xiaomi Redmi 10',45),(880,'Xiaomi Redmi 10 (6GB RAM + 128GB)',45),(881,'Xiaomi Redmi 10 Power',45),(882,'Xiaomi Redmi 10 Prime',45),(883,'Xiaomi Redmi 10 Prime (6GB RAM + 128GB)',45),(884,'Xiaomi Redmi 10 Prime Plus 5G',45),(885,'Xiaomi Redmi 10A',45),(886,'Xiaomi Redmi 10A (4GB RAM + 64GB)',45),(887,'Xiaomi Redmi 10A (6GB RAM + 128GB)',45),(888,'Xiaomi Redmi 10A Sport',45),(889,'Xiaomi Redmi 10C',45),(890,'Xiaomi Redmi 10C (4GB RAM + 128GB)',45),(891,'Xiaomi Redmi 11 Prime',45),(892,'Xiaomi Redmi 11 Prime (6GB RAM + 128GB)',45),(893,'Xiaomi Redmi 11 Prime 5G',45),(894,'Xiaomi Redmi 11 Prime 5G (6GB RAM + 128GB)',45),(895,'Xiaomi Redmi 13 Prime 5G',45),(896,'Xiaomi Redmi 20X',45),(897,'Xiaomi Redmi 8 (4GB RAM + 64GB)',45),(898,'Xiaomi Redmi 9',45),(899,'Xiaomi Redmi 9 Activ',45),(900,'Xiaomi Redmi 9 Activ (6GB RAM + 128GB)',45),(901,'Xiaomi Redmi 9 Power',45),(902,'Xiaomi Redmi 9A',45),(903,'Xiaomi Redmi 9A (6GB RAM + 128GB)',45),(904,'Xiaomi Redmi 9A Sport',45),(905,'Xiaomi Redmi 9i (4GB RAM + 128GB)',45),(906,'Xiaomi Redmi 9i Sport',45),(907,'Xiaomi Redmi A1',45),(908,'Xiaomi Redmi A1 Plus',45),(909,'Xiaomi Redmi A1 Plus (3GB RAM + 32GB)',45),(910,'Xiaomi Redmi K20 Pro Signature Edition',45),(911,'Xiaomi Redmi K50 5G',45),(912,'Xiaomi Redmi K50 Ultra 5G',45),(913,'Xiaomi Redmi K50i (8GB RAM + 256GB)',45),(914,'Xiaomi Redmi K50i 5G',45),(915,'Xiaomi Redmi K60',45),(916,'Xiaomi Redmi K60 Gaming Edition',45),(917,'Xiaomi Redmi K60 Pro',45),(918,'Xiaomi Redmi K60E',45),(919,'Xiaomi Redmi K60i',45),(920,'Xiaomi Redmi Note 10',45),(921,'Xiaomi Redmi Note 10 (6GB RAM + 128GB)',45),(922,'Xiaomi Redmi Note 10 5G',45),(923,'Xiaomi Redmi Note 10 Lite',45),(924,'Xiaomi Redmi Note 10 Lite (4GB RAM + 128GB)',45),(925,'Xiaomi Redmi Note 10 Lite (6GB RAM + 128GB)',45),(926,'Xiaomi Redmi Note 10 Pro (6GB RAM + 128GB)',45),(927,'Xiaomi Redmi Note 10 Pro 5G',45),(928,'Xiaomi Redmi Note 10 Pro Max',45),(929,'Xiaomi Redmi Note 10 Pro Max (6GB RAM + 128GB)',45),(930,'Xiaomi Redmi Note 10S',45),(931,'Xiaomi Redmi Note 10S (6GB RAM + 128GB)',45),(932,'Xiaomi Redmi Note 10S (8GB RAM + 128GB)',45),(933,'Xiaomi Redmi Note 10T 5G',45),(934,'Xiaomi Redmi Note 10T 5G (6GB RAM +128GB)',45),(935,'Xiaomi Redmi Note 11',45),(936,'Xiaomi Redmi Note 11 (6GB RAM + 128GB)',45),(937,'Xiaomi Redmi Note 11 (6GB RAM + 64GB)',45),(938,'Xiaomi Redmi Note 11 5G',45),(939,'Xiaomi Redmi Note 11 Pro 4G',45),(940,'Xiaomi Redmi Note 11 Pro 5G',45),(941,'Xiaomi Redmi Note 11 Pro Max 5G',45),(942,'Xiaomi Redmi Note 11 Pro Plus 5G',45),(943,'Xiaomi Redmi Note 11 Pro Plus 5G (8GB RAM + 128GB)',45),(944,'Xiaomi Redmi Note 11 Pro Plus 5G (8GB RAM + 256GB)',45),(945,'Xiaomi Redmi Note 11E 5G',45),(946,'Xiaomi Redmi Note 11R',45),(947,'Xiaomi Redmi Note 11S',45),(948,'Xiaomi Redmi Note 11S (6GB RAM + 128GB)',45),(949,'Xiaomi Redmi Note 11S (8GB RAM + 128GB)',45),(950,'Xiaomi Redmi Note 11SE',45),(951,'Xiaomi Redmi Note 11T 5G',45),(952,'Xiaomi Redmi Note 11T 5G (6GB RAM + 128GB)',45),(953,'Xiaomi Redmi Note 11T 5G (8GB RAM + 128GB)',45),(954,'Xiaomi Redmi Note 11T Pro 5G',45),(955,'Xiaomi Redmi Note 12',45),(956,'Xiaomi Redmi Note 12 (6GB RAM + 128GB)',45),(957,'Xiaomi Redmi Note 12 4G',45),(958,'Xiaomi Redmi Note 12 Discovery Edition',45),(959,'Xiaomi Redmi Note 12 Explorer',45),(960,'Xiaomi Redmi Note 12 Pro (8GB RAM + 128GB)',45),(961,'Xiaomi Redmi Note 12 Pro (8GB RAM + 256GB)',45),(962,'Xiaomi Redmi Note 12 Pro 4G',45),(963,'Xiaomi Redmi Note 12 Pro 5G',45),(964,'Xiaomi Redmi Note 12 Pro Max 5G',45),(965,'Xiaomi Redmi Note 12 Pro Plus',45),(966,'Xiaomi Redmi Note 12 Pro Plus (12GB RAM + 256GB)',45),(967,'Xiaomi Redmi Note 12 Pro Plus (6GB RAM + 128GB)',45),(968,'Xiaomi Redmi Note 12 Turbo',45),(969,'Xiaomi Redmi Note 12T 5G',45),(970,'Xiaomi Redmi Note 13 Pro 5G',45),(971,'Xiaomi Redmi Note 13 Pro Max 5G',45),(972,'Xiaomi Redmi Note 4',45),(973,'Xiaomi Redmi Note 8 2021',45),(974,'Xiaomi Redmi Note 8 Pro',45),(975,'Xiaomi Redmi Note 9',45),(976,'Xiaomi Redmi Note 9 Pro',45),(977,'Xiaomi Redmi Note 9 Pro (4GB RAM + 128GB)',45),(978,'Xiaomi Redmi Note 9 Pro Max',45),(979,'ZTE Axon 30S',46),(980,'ZTE Axon 40 Ultra 5G',46);
/*!40000 ALTER TABLE `dim_model` ENABLE KEYS */;
UNLOCK TABLES;

--
-- Table structure for table `dim_os`
--

DROP TABLE IF EXISTS `dim_os`;
/*!40101 SET @saved_cs_client     = @@character_set_client */;
/*!50503 SET character_set_client = utf8mb4 */;
CREATE TABLE `dim_os` (
  `os_id` int NOT NULL AUTO_INCREMENT,
  `os` varchar(50) NOT NULL,
  PRIMARY KEY (`os_id`),
  UNIQUE KEY `os` (`os`)
) ENGINE=InnoDB AUTO_INCREMENT=4 DEFAULT CHARSET=utf8mb4 COLLATE=utf8mb4_0900_ai_ci;
/*!40101 SET character_set_client = @saved_cs_client */;

--
-- Dumping data for table `dim_os`
--

LOCK TABLES `dim_os` WRITE;
/*!40000 ALTER TABLE `dim_os` DISABLE KEYS */;
INSERT INTO `dim_os` VALUES (2,'android'),(1,'ios');
/*!40000 ALTER TABLE `dim_os` ENABLE KEYS */;
UNLOCK TABLES;

--
-- Table structure for table `dim_processor`
--

DROP TABLE IF EXISTS `dim_processor`;
/*!40101 SET @saved_cs_client     = @@character_set_client */;
/*!50503 SET character_set_client = utf8mb4 */;
CREATE TABLE `dim_processor` (
  `processor_id` int NOT NULL AUTO_INCREMENT,
  `processor_brand` varchar(100) DEFAULT NULL,
  `num_cores` int DEFAULT NULL,
  `processor_speed` decimal(5,2) DEFAULT NULL,
  PRIMARY KEY (`processor_id`)
) ENGINE=InnoDB AUTO_INCREMENT=128 DEFAULT CHARSET=utf8mb4 COLLATE=utf8mb4_0900_ai_ci;
/*!40101 SET character_set_client = @saved_cs_client */;

--
-- Dumping data for table `dim_processor`
--

LOCK TABLES `dim_processor` WRITE;
/*!40000 ALTER TABLE `dim_processor` DISABLE KEYS */;
INSERT INTO `dim_processor` VALUES (1,'bionic',6,2.65),(2,'bionic',6,3.10),(3,'bionic',6,3.22),(4,'bionic',8,2.50),(5,'bionic',6,2.50),(6,'fusion',4,2.37),(7,'snapdragon',8,2.90),(8,'snapdragon',8,3.20),(9,'dimensity',8,3.20),(10,'helio',8,2.30),(11,'dimensity',8,2.40),(12,'snapdragon',4,1.30),(13,'helio',8,2.20),(14,'helio',8,2.05),(15,'dimensity',8,2.60),(16,'helio',8,2.00),(17,'tiger',4,2.00),(18,'helio',8,1.99),(19,'snapdragon',8,2.35),(20,'snapdragon',8,2.00),(21,'snapdragon',8,2.80),(22,'snapdragon',8,2.40),(23,'google',8,2.80),(24,'google',8,2.50),(25,'google',8,2.85),(26,'dimensity',8,2.00),(27,'snapdragon',8,2.50),(28,'snapdragon',8,3.00),(29,'snapdragon',8,2.20),(30,'kirin',8,2.36),(31,'kirin',8,2.86),(32,'kirin',8,3.13),(33,'snapdragon',8,2.84),(34,'kirin',8,2.20),(35,'snapdragon',4,1.60),(36,'tiger',8,1.82),(37,'tiger',8,2.00),(38,'helio',4,2.00),(39,'dimensity',8,2.50),(40,'dimensity',8,3.10),(41,'snapdragon',8,2.36),(42,'spreadtrum',4,1.40),(43,'unisoc',4,1.40),(44,'spreadtrum',4,1.30),(45,'unisoc',4,1.30),(46,'unisoc',8,1.60),(47,'snapdragon',4,1.40),(48,'dimensity',8,2.20),(49,'tiger',4,1.80),(50,'unisoc',8,2.50),(51,'snapdragon',8,1.50),(52,'unisoc',8,1.80),(53,'tiger',8,1.80),(54,'helio',8,1.80),(55,'snapdragon',8,2.30),(56,'dimensity',8,2.85),(57,'snapdragon',8,1.80),(58,'dimensity',8,3.00),(59,'helio',8,2.50),(60,'dimensity',8,3.05),(61,'snapdragon',8,2.96),(62,'helio',8,2.10),(63,'sc9863a',8,1.60),(64,'mediatek',4,1.50),(65,'unisoc',4,1.60),(66,'exynos',8,2.00),(67,'exynos',8,2.40),(68,'exynos',8,1.80),(69,'exynos',8,2.50),(70,'exynos',8,2.20),(71,'exynos',8,2.30),(72,'exynos',8,2.73),(73,'exynos',8,2.70),(74,'exynos',8,2.90),(75,'exynos',8,2.80),(76,'unisoc',8,2.00),(77,'snapdragon',8,2.70),(78,'helio',4,1.30),(79,'snapdragon',4,1.20),(80,'snapdragon',8,1.95);
/*!40000 ALTER TABLE `dim_processor` ENABLE KEYS */;
UNLOCK TABLES;

--
-- Table structure for table `fact_smartphones`
--

DROP TABLE IF EXISTS `fact_smartphones`;
/*!40101 SET @saved_cs_client     = @@character_set_client */;
/*!50503 SET character_set_client = utf8mb4 */;
CREATE TABLE `fact_smartphones` (
  `smartphone_id` int NOT NULL AUTO_INCREMENT,
  `brand_id` int DEFAULT NULL,
  `model_id` int DEFAULT NULL,
  `processor_id` int DEFAULT NULL,
  `battery_id` int DEFAULT NULL,
  `memory_id` int DEFAULT NULL,
  `display_id` int DEFAULT NULL,
  `camera_id` int DEFAULT NULL,
  `os_id` int DEFAULT NULL,
  `price` int DEFAULT NULL,
  `avg_rating` decimal(3,2) DEFAULT NULL,
  `is_5G` varchar(10) DEFAULT NULL,
  PRIMARY KEY (`smartphone_id`),
  KEY `brand_id` (`brand_id`),
  KEY `model_id` (`model_id`),
  KEY `processor_id` (`processor_id`),
  KEY `battery_id` (`battery_id`),
  KEY `memory_id` (`memory_id`),
  KEY `display_id` (`display_id`),
  KEY `camera_id` (`camera_id`),
  KEY `os_id` (`os_id`),
  CONSTRAINT `fact_smartphones_ibfk_1` FOREIGN KEY (`brand_id`) REFERENCES `dim_brand` (`brand_id`),
  CONSTRAINT `fact_smartphones_ibfk_2` FOREIGN KEY (`model_id`) REFERENCES `dim_model` (`model_id`),
  CONSTRAINT `fact_smartphones_ibfk_3` FOREIGN KEY (`processor_id`) REFERENCES `dim_processor` (`processor_id`),
  CONSTRAINT `fact_smartphones_ibfk_4` FOREIGN KEY (`battery_id`) REFERENCES `dim_battery` (`battery_id`),
  CONSTRAINT `fact_smartphones_ibfk_5` FOREIGN KEY (`memory_id`) REFERENCES `dim_memory` (`memory_id`),
  CONSTRAINT `fact_smartphones_ibfk_6` FOREIGN KEY (`display_id`) REFERENCES `dim_display` (`display_id`),
  CONSTRAINT `fact_smartphones_ibfk_7` FOREIGN KEY (`camera_id`) REFERENCES `dim_camera` (`camera_id`),
  CONSTRAINT `fact_smartphones_ibfk_8` FOREIGN KEY (`os_id`) REFERENCES `dim_os` (`os_id`)
) ENGINE=InnoDB AUTO_INCREMENT=1024 DEFAULT CHARSET=utf8mb4 COLLATE=utf8mb4_0900_ai_ci;
/*!40101 SET character_set_client = @saved_cs_client */;

--
-- Dumping data for table `fact_smartphones`
--

LOCK TABLES `fact_smartphones` WRITE;
/*!40000 ALTER TABLE `fact_smartphones` DISABLE KEYS */;
INSERT INTO `fact_smartphones` VALUES (1,1,37,5,14,9,12,1,1,84990,7.50,'1'),(2,1,25,4,9,7,7,1,1,69990,7.00,'0'),(3,1,14,3,4,6,3,1,1,91999,8.00,'1'),(4,1,13,3,4,3,3,1,1,72999,7.90,'1'),(5,1,12,3,4,2,3,1,1,62999,7.90,'1'),(6,1,15,3,5,2,4,1,1,64900,7.90,'1'),(7,1,22,3,8,7,3,1,1,65999,8.10,'1'),(8,1,24,3,8,5,3,1,1,95999,8.20,'1'),(9,1,23,3,8,4,3,1,1,75999,8.20,'1'),(10,1,26,3,10,7,8,1,1,74999,8.20,'1'),(11,1,28,3,10,5,8,1,1,104999,8.30,'1'),(12,1,27,3,10,4,8,1,1,84999,8.30,'1'),(13,1,6,2,3,3,3,1,1,67999,7.60,'1'),(14,1,9,2,3,3,4,1,1,55999,7.50,'1'),(15,1,5,2,3,2,3,1,1,55999,7.50,'1'),(16,1,8,2,3,2,4,1,1,45999,7.50,'1'),(17,1,4,2,3,1,3,1,1,51999,7.40,'1'),(18,1,7,2,3,1,4,1,1,40999,7.40,'1'),(19,1,2,1,1,2,1,1,1,46999,7.50,'0'),(20,1,1,1,1,1,1,1,1,38999,7.30,'0'),(21,39,694,28,41,31,241,2,2,82199,8.90,'1'),(22,1,17,3,6,8,5,2,1,147900,8.40,'1'),(23,1,16,3,6,7,5,2,1,119900,8.30,'1'),(24,1,18,3,6,4,5,2,1,129900,8.30,'1'),(25,1,20,3,7,8,6,2,1,179900,8.60,'1'),(26,1,19,3,7,7,6,2,1,129900,8.40,'1'),(27,1,21,3,7,4,6,2,1,139900,8.40,'1'),(28,1,11,2,3,5,3,2,1,139900,8.00,'1'),(29,1,10,2,3,4,3,2,1,119900,8.00,'1'),(30,1,3,1,2,1,2,2,1,109900,7.70,'0'),(31,1,30,5,11,8,9,3,1,172999,7.70,'1'),(32,1,29,5,11,7,9,3,1,119990,7.50,'1'),(33,1,31,5,11,4,9,3,1,129990,7.60,'1'),(34,1,33,5,12,8,10,3,1,182999,7.80,'1'),(35,1,32,5,12,7,10,3,1,129990,7.60,'1'),(36,1,35,5,12,5,10,3,1,169900,7.80,'1'),(37,1,34,5,12,4,10,3,1,139990,7.70,'1'),(38,1,40,4,15,9,15,3,1,149900,7.90,'1'),(39,1,36,4,13,7,11,4,1,82990,7.20,'0'),(40,10,77,24,43,13,43,5,2,70990,8.00,'1'),(41,2,51,9,20,16,19,5,2,107990,7.50,'1'),(42,2,49,9,20,14,19,5,2,72999,8.80,'1'),(43,2,50,8,20,15,19,5,2,89999,8.80,'1'),(44,2,48,8,20,13,19,5,2,71999,8.60,'1'),(45,1,38,4,3,9,13,5,1,130990,7.50,'1'),(46,1,39,4,7,10,14,5,1,142990,7.90,'1'),(47,1,41,6,16,11,16,6,1,52990,7.50,'0'),(48,1,44,3,3,1,16,7,1,43900,7.50,'1'),(49,1,42,1,17,12,16,7,1,29990,6.10,'0'),(50,1,43,1,18,12,16,7,1,39900,6.30,'0'),(51,1,45,3,3,1,17,8,1,49990,6.00,'1'),(52,1,46,4,19,1,1,9,1,71999,6.00,'0'),(53,2,47,7,20,9,18,10,2,39999,8.70,'1'),(54,30,308,39,67,9,156,11,2,34999,7.60,'1'),(55,31,368,29,105,19,165,11,2,19990,8.20,'1'),(56,31,367,29,118,19,141,11,2,27660,8.30,'1'),(57,34,462,28,143,24,189,11,2,28999,8.20,'1'),(58,37,644,27,24,19,198,11,2,24990,7.40,'1'),(59,31,405,26,114,31,143,11,2,25994,8.50,'1'),(60,31,391,26,127,9,143,11,2,26380,8.30,'1'),(61,23,198,22,83,9,23,11,2,54999,8.90,'1'),(62,31,366,22,105,19,143,11,2,21899,8.20,'0'),(63,31,363,22,105,19,165,11,2,20999,8.20,'0'),(64,44,781,22,110,31,46,11,2,32990,8.40,'1'),(65,34,518,22,127,9,195,11,2,27999,8.40,'1'),(66,41,704,14,26,19,246,11,2,17999,8.40,'0'),(67,41,702,14,26,9,246,11,2,17990,8.10,'0'),(68,33,451,9,110,9,115,11,2,29990,8.40,'1'),(69,2,52,8,21,17,20,11,2,75990,8.70,'1'),(70,33,423,8,138,9,77,11,2,34990,8.50,'1'),(71,2,53,8,22,9,21,12,2,63990,8.60,'1'),(72,31,340,48,48,24,49,13,2,17990,7.30,'1'),(73,31,345,48,49,24,159,13,2,13990,7.20,'1'),(74,14,112,36,64,18,69,13,2,8910,6.60,'0'),(75,31,348,22,26,24,159,13,2,16490,7.30,'0'),(76,44,803,20,48,23,164,13,2,9999,6.50,'0'),(77,44,755,20,65,25,261,13,2,8990,7.10,'1'),(78,31,341,11,48,19,162,13,2,12999,7.50,'1'),(79,3,54,10,23,18,22,13,2,8990,6.70,'1'),(80,31,343,10,26,18,162,13,2,13969,6.90,'0'),(81,41,725,10,48,24,255,13,2,8999,6.90,'0'),(82,44,808,10,48,23,164,13,2,8499,6.60,'0'),(83,44,806,10,48,23,164,13,2,8499,6.60,'0'),(84,41,727,10,48,18,255,13,2,7999,6.50,'0'),(85,44,799,10,48,2,164,13,2,12490,6.30,'0'),(86,14,117,10,64,18,68,13,2,8999,6.70,'0'),(87,33,427,55,26,18,125,14,2,12799,7.60,'0'),(88,12,100,34,61,19,61,14,2,21990,8.10,'0'),(89,30,294,33,114,9,149,14,2,64800,8.90,'1'),(90,12,96,31,58,30,58,14,2,169000,7.50,'1'),(91,27,264,20,102,24,125,14,2,17990,8.20,'1'),(92,31,358,13,121,19,158,14,2,18990,8.30,'0'),(93,31,360,13,122,19,158,14,2,17994,8.00,'0'),(94,4,55,11,24,19,23,14,2,14990,8.50,'1'),(95,31,361,11,123,19,158,14,2,19990,8.20,'1'),(96,5,56,12,25,20,24,15,2,14999,7.50,'0'),(97,26,246,48,41,31,133,16,2,25999,8.50,'1'),(98,26,239,29,49,28,130,16,2,21999,7.90,'1'),(99,27,265,29,103,24,143,16,2,41990,8.50,'1'),(100,28,272,27,26,7,131,16,2,24990,8.00,'1'),(101,28,270,27,105,13,131,16,2,35999,8.70,'1'),(102,28,271,27,105,10,131,16,2,28249,8.60,'1'),(103,28,269,27,105,9,131,16,2,26749,8.50,'1'),(104,31,354,22,26,19,168,16,2,17999,8.00,'0'),(105,39,695,20,26,19,133,16,2,19990,8.00,'0'),(106,34,455,13,26,19,25,16,2,16999,7.90,'0'),(107,34,454,13,26,18,25,16,2,13999,7.40,'0'),(108,6,57,13,26,18,25,16,2,14999,7.40,'0'),(109,33,437,11,26,24,185,16,2,14999,8.10,'1'),(110,33,438,11,26,19,185,16,2,15999,8.20,'1'),(111,33,436,11,26,18,185,16,2,12999,7.60,'1'),(112,26,240,55,96,24,82,17,2,15999,8.40,'0'),(113,33,441,39,140,19,174,17,2,19990,8.40,'1'),(114,26,249,29,24,24,134,17,2,19990,8.00,'1'),(115,44,780,29,110,31,77,17,2,28990,8.40,'1'),(116,7,59,15,28,21,27,17,2,45999,8.80,'1'),(117,7,58,14,27,19,26,17,2,14999,8.40,'0'),(118,26,204,11,41,24,113,17,2,18999,8.70,'1'),(119,44,779,9,67,13,196,17,2,43999,8.70,'1'),(120,30,292,8,111,13,151,17,2,69999,7.50,'1'),(121,8,60,16,29,18,28,18,2,9990,7.50,'0'),(122,31,323,54,119,23,161,19,2,9990,6.40,'0'),(123,25,201,52,48,18,63,19,2,6999,6.60,'0'),(124,24,199,51,3,23,111,19,2,3990,6.00,'0'),(125,19,189,49,49,9,49,19,2,10999,6.50,'0'),(126,27,257,46,98,18,63,19,2,8999,6.40,'0'),(127,41,731,38,49,23,166,19,2,6999,6.20,'0'),(128,9,61,17,3,22,29,19,2,6190,7.50,'0'),(129,34,498,16,31,23,22,19,2,3499,6.30,'0'),(130,37,565,10,48,28,49,19,2,11499,6.90,'0'),(131,37,563,10,48,23,49,19,2,9299,6.50,'0'),(132,44,809,10,49,23,164,19,2,9999,6.50,'0'),(133,44,811,10,49,18,164,19,2,12489,6.80,'0'),(134,11,84,29,48,28,49,20,2,9999,6.80,'1'),(135,9,62,17,30,23,30,20,2,6999,7.50,'0'),(136,31,327,16,119,23,63,20,2,8999,6.50,'0'),(137,31,328,16,119,18,63,20,2,8999,6.80,'0'),(138,31,329,10,119,18,63,20,2,10999,6.60,'0'),(139,9,63,18,31,24,31,21,2,7499,6.70,'0'),(140,10,65,20,33,1,33,22,2,15999,6.70,'0'),(141,10,64,19,32,2,32,22,2,15990,6.90,'0'),(142,41,720,54,48,18,63,23,2,8999,6.40,'0'),(143,10,67,22,35,9,35,23,2,36000,8.20,'1'),(144,10,68,22,36,7,36,23,2,32999,7.80,'1'),(145,10,66,21,34,25,34,23,2,20120,7.80,'0'),(146,26,217,10,49,18,100,23,2,9022,7.00,'0'),(147,31,344,48,26,24,159,24,2,18990,7.60,'1'),(148,31,353,48,26,19,159,24,2,18999,7.90,'1'),(149,33,432,48,65,24,184,24,2,13499,7.90,'1'),(150,33,431,48,65,18,184,24,2,11499,7.50,'1'),(151,27,259,46,49,18,140,24,2,10499,7.00,'0'),(152,14,114,37,65,19,70,24,2,12340,7.60,'0'),(153,10,69,23,37,9,25,24,2,40480,8.40,'1'),(154,31,352,22,26,19,167,24,2,17999,7.60,'0'),(155,44,746,22,65,28,261,24,2,12999,7.50,'0'),(156,44,747,22,65,24,261,24,2,14999,7.70,'0'),(157,44,748,22,65,18,261,24,2,11999,7.40,'0'),(158,15,162,20,65,24,27,24,2,15499,7.90,'1'),(159,15,163,20,65,18,27,24,2,13989,7.50,'1'),(160,14,119,14,65,19,73,24,2,12999,7.70,'0'),(161,41,715,13,64,19,252,24,2,11999,7.30,'0'),(162,34,461,11,26,19,187,24,2,12999,8.00,'1'),(163,41,719,11,64,28,83,24,2,15499,7.10,'0'),(164,14,116,11,65,24,71,24,2,19999,7.80,'1'),(165,14,115,11,65,18,71,24,2,17999,7.50,'1'),(166,31,350,10,26,28,166,24,2,15998,7.10,'0'),(167,31,349,10,26,18,166,24,2,15499,7.00,'0'),(168,41,724,10,48,18,79,24,2,7999,7.00,'0'),(169,26,218,10,49,18,100,24,2,8999,7.10,'0'),(170,12,97,33,59,30,59,25,2,162990,8.90,'0'),(171,10,74,25,41,26,40,25,2,81999,7.50,'1'),(172,10,70,23,38,26,37,25,2,54300,8.90,'1'),(173,10,71,23,38,13,37,25,2,79700,7.50,'1'),(174,10,72,24,39,7,38,26,2,29999,7.10,'1'),(175,10,75,24,39,7,41,26,2,34990,6.90,'1'),(176,10,73,25,40,9,39,27,2,53100,8.60,'1'),(177,10,76,24,42,9,42,28,2,53990,7.50,'1'),(178,37,606,41,26,19,150,29,2,42999,7.50,'1'),(179,27,266,27,27,32,144,29,2,34999,7.60,'1'),(180,37,607,27,43,19,150,29,2,44999,8.30,'1'),(181,37,605,22,24,31,77,29,2,41990,7.50,'1'),(182,37,604,22,24,19,77,29,2,41999,7.50,'1'),(183,11,78,22,44,7,44,29,2,32990,8.50,'1'),(184,37,645,11,24,24,77,29,2,23790,8.50,'1'),(185,37,646,11,24,19,77,29,2,25289,8.70,'1'),(186,33,418,58,137,7,46,30,2,32999,7.90,'1'),(187,30,300,56,24,9,153,30,2,22990,8.30,'1'),(188,33,446,56,142,10,186,30,2,28990,8.50,'1'),(189,33,445,56,142,9,186,30,2,24990,8.40,'1'),(190,26,233,55,96,18,82,30,2,14499,7.70,'0'),(191,15,156,40,67,9,88,30,2,24990,8.30,'1'),(192,15,154,40,67,9,88,30,2,29999,8.20,'1'),(193,34,516,33,114,9,195,30,2,30994,8.50,'1'),(194,31,409,33,133,10,177,30,2,134999,8.60,'0'),(195,30,311,29,26,31,153,30,2,24999,8.50,'1'),(196,30,309,29,26,24,153,30,2,19989,8.10,'1'),(197,34,481,29,26,24,190,30,2,18999,8.00,'1'),(198,30,310,29,26,19,153,30,2,21995,8.40,'1'),(199,30,302,29,26,19,153,30,2,22999,8.30,'1'),(200,34,482,29,26,19,190,30,2,20999,8.20,'1'),(201,33,448,29,43,24,46,30,2,16499,8.20,'1'),(202,33,449,29,43,19,46,30,2,17999,8.40,'1'),(203,31,383,29,43,7,153,30,2,16990,7.80,'1'),(204,11,90,29,52,10,46,30,2,27999,8.10,'1'),(205,31,398,29,105,31,158,30,2,26990,8.60,'1'),(206,30,317,29,105,24,158,30,2,20990,8.10,'1'),(207,31,407,29,105,19,158,30,2,17999,8.40,'1'),(208,31,365,29,105,19,158,30,2,25895,8.20,'1'),(209,31,364,29,105,19,158,30,2,25969,8.20,'1'),(210,26,224,28,94,9,123,30,2,34990,8.30,'1'),(211,29,278,28,110,9,116,30,2,49990,8.40,'1'),(212,15,170,27,76,19,93,30,2,19990,7.60,'1'),(213,11,79,26,44,9,45,30,2,24990,7.50,'1'),(214,30,321,22,22,9,128,30,2,24999,7.90,'0'),(215,44,744,22,57,24,90,30,2,23999,8.10,'1'),(216,44,745,22,57,19,90,30,2,24999,8.40,'1'),(217,15,165,22,57,13,90,30,2,27999,8.20,'1'),(218,15,166,22,57,9,90,30,2,23399,8.00,'1'),(219,15,164,22,57,7,90,30,2,21788,7.80,'1'),(220,41,700,16,65,24,23,30,2,14746,7.90,'0'),(221,32,410,16,134,31,178,30,2,29990,8.40,'0'),(222,33,434,14,26,24,143,30,2,12999,7.90,'0'),(223,33,435,14,26,19,143,30,2,13999,8.10,'0'),(224,32,411,13,135,13,88,30,2,22990,8.20,'0'),(225,34,473,11,26,24,165,30,2,17999,8.00,'1'),(226,34,474,11,26,19,165,30,2,17499,8.20,'1'),(227,41,703,11,26,9,246,30,2,21999,8.20,'1'),(228,44,749,8,73,19,85,30,2,24990,8.50,'1'),(229,15,152,8,73,13,85,30,2,33749,8.40,'1'),(230,15,153,8,73,9,85,30,2,22990,8.30,'1'),(231,15,151,8,73,9,85,30,2,28999,8.20,'1'),(232,34,522,8,110,10,85,30,2,28499,8.20,'1'),(233,34,521,8,110,9,85,30,2,26499,8.10,'1'),(234,29,279,8,110,9,116,30,2,34999,8.20,'1'),(235,34,520,8,110,7,85,30,2,24999,7.90,'1'),(236,33,425,8,139,9,182,30,2,29999,8.40,'1'),(237,34,525,8,143,9,197,30,2,31999,8.20,'1'),(238,11,80,27,45,27,46,31,2,39990,8.80,'1'),(239,11,81,27,45,10,46,31,2,30990,8.60,'1'),(240,11,82,28,46,13,47,32,2,54990,7.50,'1'),(241,12,106,33,63,31,65,33,2,60999,7.50,'0'),(242,11,83,28,47,27,48,33,2,94990,7.50,'1'),(243,12,103,27,50,18,63,34,2,21990,6.30,'0'),(244,11,85,16,49,18,49,34,2,13999,7.10,'0'),(245,37,585,29,24,24,71,35,2,22999,7.90,'1'),(246,37,586,29,24,19,71,35,2,24999,8.10,'1'),(247,37,583,22,24,24,194,35,2,18499,7.90,'0'),(248,37,584,22,24,19,194,35,2,19990,8.20,'0'),(249,12,104,22,62,19,51,35,2,22990,8.20,'0'),(250,37,573,20,24,28,194,35,2,14999,7.50,'0'),(251,37,574,20,24,24,194,35,2,16499,7.80,'0'),(252,37,572,20,24,18,194,35,2,14450,7.50,'0'),(253,11,86,10,50,24,50,35,2,13999,7.50,'0'),(254,34,465,55,22,32,185,36,2,14490,8.00,'0'),(255,26,253,29,65,24,137,36,2,19499,8.00,'0'),(256,11,87,22,51,7,51,36,2,16999,7.60,'0'),(257,31,390,22,129,24,165,36,2,22990,8.00,'1'),(258,30,315,20,22,24,157,36,2,25595,8.10,'1'),(259,34,467,16,41,28,132,36,2,15999,7.80,'0'),(260,34,468,16,41,19,132,36,2,17999,8.30,'0'),(261,34,464,14,22,32,165,36,2,12989,7.70,'0'),(262,18,185,11,41,19,104,36,2,17990,8.40,'1'),(263,26,215,8,92,24,120,36,2,22490,8.70,'1'),(264,26,221,53,48,18,100,37,2,7999,7.10,'0'),(265,33,430,48,65,24,165,37,2,14799,7.90,'1'),(266,33,429,48,65,18,165,37,2,15999,7.50,'1'),(267,33,450,29,26,2,46,37,2,14999,7.40,'1'),(268,11,88,29,50,24,49,37,2,14990,7.50,'1'),(269,33,428,20,64,32,183,37,2,11499,7.50,'0'),(270,31,347,20,65,24,165,37,2,15490,7.70,'1'),(271,41,721,16,26,18,23,37,2,8799,7.20,'0'),(272,34,526,16,64,18,49,37,2,10499,7.20,'0'),(273,34,469,48,65,28,165,38,2,16499,7.50,'1'),(274,34,545,48,65,28,198,38,2,10990,7.60,'1'),(275,34,527,48,65,24,165,38,2,16999,8.00,'1'),(276,34,470,48,65,19,165,38,2,18499,8.00,'1'),(277,34,534,39,26,24,25,38,2,20490,8.10,'1'),(278,34,535,39,26,19,25,38,2,22999,8.30,'1'),(279,15,149,33,56,13,85,38,2,34949,8.50,'1'),(280,15,148,33,56,9,85,38,2,30990,8.30,'1'),(281,15,144,33,60,9,85,38,2,39990,8.40,'1'),(282,34,544,29,41,24,133,38,2,14999,8.00,'1'),(283,11,89,29,45,9,52,38,2,16999,8.00,'1'),(284,26,226,29,92,24,125,38,2,19990,8.20,'1'),(285,34,479,22,41,24,191,38,2,18999,8.00,'1'),(286,34,480,22,41,19,191,38,2,22998,8.20,'1'),(287,23,197,22,82,24,23,38,2,54999,8.50,'1'),(288,30,314,20,22,9,128,38,2,19999,7.70,'0'),(289,31,359,20,26,24,132,38,2,14990,7.80,'0'),(290,31,362,20,26,24,158,38,2,15988,7.90,'0'),(291,41,699,16,65,2,244,38,2,11499,7.50,'0'),(292,34,532,11,26,28,185,38,2,14999,7.60,'1'),(293,34,531,11,26,24,185,38,2,17999,7.90,'1'),(294,34,533,11,26,18,185,38,2,13499,7.50,'1'),(295,34,528,11,41,19,133,38,2,19999,8.30,'1'),(296,34,478,11,65,24,165,38,2,15499,7.90,'1'),(297,34,477,11,65,18,165,38,2,13999,7.50,'1'),(298,15,143,8,55,13,85,38,2,35990,8.50,'1'),(299,15,142,8,55,9,85,38,2,24990,8.30,'1'),(300,15,146,7,71,13,86,38,2,39990,8.50,'1'),(301,15,145,7,71,9,86,38,2,34990,8.40,'1'),(302,12,91,30,53,18,53,39,2,10949,6.60,'0'),(303,12,92,31,54,29,54,40,2,214990,7.50,'1'),(304,12,93,32,55,19,55,41,2,69990,7.50,'0'),(305,26,235,29,48,18,83,41,2,12999,7.70,'1'),(306,26,231,16,92,24,127,41,2,11999,7.80,'0'),(307,26,230,16,92,18,127,41,2,9999,7.50,'0'),(308,12,95,8,57,29,57,41,2,239999,8.10,'0'),(309,12,94,32,56,10,56,42,2,99990,8.50,'1'),(310,26,208,28,87,9,115,43,2,34999,8.90,'1'),(311,12,98,22,60,9,46,43,2,29990,8.20,'0'),(312,26,213,8,91,9,118,43,2,59990,8.90,'1'),(313,26,252,8,97,9,136,43,2,39999,8.90,'1'),(314,26,244,29,26,7,133,44,2,19990,8.10,'1'),(315,30,312,29,43,24,150,44,2,21999,8.30,'1'),(316,31,399,29,130,31,46,44,2,29990,8.70,'1'),(317,34,475,22,26,24,25,44,2,14999,8.10,'0'),(318,34,476,22,26,19,25,44,2,15999,8.40,'0'),(319,35,553,22,43,7,46,44,2,19999,8.10,'1'),(320,33,452,22,43,7,46,44,2,20999,8.10,'1'),(321,12,99,22,56,31,60,44,2,23999,8.40,'0'),(322,34,460,15,43,10,150,44,2,27999,8.50,'1'),(323,34,459,15,43,7,150,44,2,24999,8.20,'1'),(324,14,129,14,66,19,77,44,2,19999,8.40,'0'),(325,14,138,14,68,19,46,44,2,21990,8.50,'1'),(326,14,126,13,26,31,74,44,2,16900,8.30,'0'),(327,26,245,13,26,24,131,44,2,15999,8.30,'0'),(328,14,127,11,26,19,74,44,2,18999,8.40,'1'),(329,26,223,7,26,7,122,44,2,23990,8.50,'1'),(330,31,375,33,114,13,149,45,2,50990,7.50,'1'),(331,12,105,31,61,31,64,45,2,82990,7.50,'1'),(332,44,789,28,73,13,87,45,2,79999,7.50,'1'),(333,12,101,22,44,9,44,45,2,29990,8.30,'0'),(334,44,790,8,66,13,87,45,2,82990,7.50,'1'),(335,44,793,8,73,13,87,45,2,73999,7.50,'1'),(336,31,393,8,114,9,128,45,2,44990,8.70,'1'),(337,35,552,55,43,24,46,46,2,18999,8.10,'0'),(338,30,296,33,114,9,131,46,2,44999,8.60,'1'),(339,12,102,22,60,19,62,46,2,19990,8.40,'0'),(340,14,131,13,67,24,78,46,2,16999,8.00,'0'),(341,13,108,35,48,22,49,47,2,7999,6.10,'0'),(342,13,107,12,48,18,66,47,2,6799,6.10,'0'),(343,13,109,35,48,18,49,48,2,8099,6.00,'0'),(344,17,181,29,65,22,100,48,2,11990,6.40,'1'),(345,17,183,12,53,23,102,48,2,7499,7.50,'0'),(346,34,509,53,65,28,187,49,2,12787,7.10,'0'),(347,34,510,53,65,24,187,49,2,13999,7.40,'0'),(348,34,497,53,65,18,96,49,2,8999,6.90,'0'),(349,34,508,53,65,18,194,49,2,11828,7.00,'0'),(350,34,456,48,26,19,187,49,2,14499,7.90,'1'),(351,18,186,48,48,28,105,49,2,10999,7.30,'1'),(352,27,261,46,100,24,100,49,2,13499,7.50,'0'),(353,27,260,46,100,18,100,49,2,11999,7.10,'0'),(354,34,538,36,65,28,194,49,2,11879,7.40,'0'),(355,34,537,36,65,18,194,49,2,11399,7.30,'0'),(356,37,621,29,24,28,71,49,2,14999,7.80,'1'),(357,37,619,29,24,28,71,49,2,15999,7.80,'1'),(358,37,620,29,24,24,71,49,2,16999,8.00,'1'),(359,27,262,29,101,24,141,49,2,28498,8.10,'1'),(360,14,130,16,26,18,74,49,2,9999,7.30,'0'),(361,14,110,16,48,18,67,49,2,9690,7.10,'0'),(362,26,227,16,49,28,100,49,2,15999,7.50,'0'),(363,34,536,16,64,18,49,49,2,11499,7.10,'0'),(364,33,440,13,65,24,184,49,2,14499,7.70,'0'),(365,33,439,13,65,18,184,49,2,10799,7.40,'0'),(366,34,490,11,65,24,187,49,2,16999,7.80,'1'),(367,34,489,11,65,18,187,49,2,14965,7.50,'1'),(368,14,111,10,64,18,68,49,2,9999,7.20,'0'),(369,41,729,10,65,18,194,49,2,8968,7.20,'0'),(370,30,284,56,110,13,150,50,2,36999,8.70,'1'),(371,34,519,56,110,9,150,50,2,31994,8.30,'1'),(372,30,285,56,110,9,150,50,2,35389,8.50,'1'),(373,30,283,56,110,9,150,50,2,32999,8.60,'1'),(374,30,298,56,115,9,150,50,2,28990,8.40,'1'),(375,41,705,48,26,7,247,50,2,20999,7.90,'1'),(376,33,444,48,43,24,46,50,2,14990,7.90,'1'),(377,34,463,48,144,7,25,50,2,24999,7.80,'1'),(378,15,168,41,43,24,91,50,2,24999,8.00,'1'),(379,34,485,39,145,10,25,50,2,24494,8.20,'1'),(380,34,484,39,145,9,25,50,2,22994,8.10,'1'),(381,34,483,39,145,7,25,50,2,25900,7.80,'1'),(382,30,295,33,54,9,85,50,2,42999,8.50,'1'),(383,31,382,33,110,9,85,50,2,29990,8.10,'1'),(384,34,512,33,143,9,85,50,2,28994,8.40,'1'),(385,26,242,29,24,24,131,50,2,14999,8.10,'1'),(386,26,241,29,24,19,131,50,2,16499,8.40,'1'),(387,30,313,29,26,24,153,50,2,18999,8.10,'1'),(388,26,238,29,26,18,129,50,2,16999,7.60,'1'),(389,26,243,29,26,7,132,50,2,16999,8.00,'1'),(390,26,248,29,41,24,42,50,2,18999,8.30,'1'),(391,26,247,29,41,19,42,50,2,20499,8.60,'1'),(392,44,741,29,65,28,27,50,2,15990,7.80,'1'),(393,15,159,29,65,28,27,50,2,15499,7.80,'1'),(394,15,169,29,65,28,92,50,2,14999,7.80,'1'),(395,44,742,29,65,24,27,50,2,16990,8.00,'1'),(396,15,160,29,65,24,27,50,2,16940,8.00,'1'),(397,44,743,29,65,19,27,50,2,19990,8.30,'1'),(398,15,161,29,65,19,27,50,2,18498,8.20,'1'),(399,15,167,29,75,9,46,50,2,17999,8.00,'1'),(400,34,523,28,67,9,196,50,2,29999,8.00,'1'),(401,15,147,28,72,10,87,50,2,59990,8.80,'1'),(402,37,616,27,24,18,210,50,2,14990,6.70,'0'),(403,44,750,27,131,19,262,50,2,29990,7.60,'1'),(404,34,487,22,26,28,192,50,2,13999,7.50,'0'),(405,26,237,22,26,24,129,50,2,12999,7.90,'0'),(406,31,379,22,26,24,168,50,2,13490,7.80,'0'),(407,34,488,22,26,24,192,50,2,14999,7.80,'0'),(408,31,380,22,26,19,168,50,2,16990,8.00,'0'),(409,26,232,22,26,18,128,50,2,10499,7.50,'0'),(410,26,236,22,26,18,129,50,2,11999,7.50,'0'),(411,34,486,22,26,18,192,50,2,12499,7.50,'0'),(412,15,157,22,74,28,89,50,2,14489,7.70,'0'),(413,44,738,22,74,28,260,50,2,14499,7.70,'0'),(414,15,158,22,74,24,89,50,2,15999,8.00,'0'),(415,44,739,22,74,24,260,50,2,15999,7.90,'0'),(416,44,740,22,74,19,260,50,2,17999,8.20,'0'),(417,26,234,22,92,18,127,50,2,10999,7.80,'0'),(418,14,120,16,26,24,74,50,2,12799,7.70,'0'),(419,14,123,16,26,24,76,50,2,12999,7.70,'0'),(420,34,530,16,26,24,190,50,2,15499,7.70,'0'),(421,14,128,16,26,19,76,50,2,14999,7.90,'0'),(422,14,122,16,26,18,76,50,2,11700,7.40,'0'),(423,34,529,16,26,18,190,50,2,10999,7.40,'0'),(424,26,229,16,41,28,100,50,2,19999,7.70,'0'),(425,14,136,15,26,31,82,50,2,19499,8.50,'1'),(426,14,124,14,26,19,74,50,2,16999,7.90,'0'),(427,14,121,14,26,19,75,50,2,15999,7.90,'0'),(428,34,472,14,65,24,190,50,2,13999,7.70,'0'),(429,34,471,14,65,18,190,50,2,12499,7.40,'0'),(430,31,400,13,130,31,46,50,2,19999,8.30,'0'),(431,41,717,11,64,19,254,50,2,15499,7.80,'1'),(432,31,338,10,65,24,164,50,2,14700,7.60,'0'),(433,31,337,10,65,18,164,50,2,13499,7.30,'0'),(434,30,290,8,46,9,149,50,2,69999,7.50,'1'),(435,15,139,8,67,14,84,50,2,64999,8.90,'1'),(436,15,140,8,67,10,84,50,2,59999,8.80,'1'),(437,15,155,8,67,10,88,50,2,32990,8.40,'1'),(438,15,141,8,70,10,84,50,2,58990,8.90,'1'),(439,15,150,8,72,9,88,50,2,47990,8.50,'1'),(440,29,276,8,108,9,148,50,2,46990,8.40,'1'),(441,29,277,8,109,13,148,50,2,60999,8.60,'1'),(442,30,288,8,111,14,150,50,2,55999,8.70,'1'),(443,30,299,8,111,13,150,50,2,47990,8.60,'1'),(444,30,287,8,111,13,150,50,2,50999,8.70,'1'),(445,30,286,8,111,9,150,50,2,44999,8.50,'1'),(446,30,289,8,112,13,149,50,2,54999,8.90,'1'),(447,34,513,8,112,9,150,50,2,40990,8.60,'1'),(448,30,297,8,112,9,150,50,2,34999,8.40,'1'),(449,30,291,8,112,9,150,50,2,39999,8.50,'1'),(450,22,194,49,81,25,110,51,2,5999,6.00,'0'),(451,16,178,46,31,23,98,51,2,5890,7.50,'0'),(452,18,188,38,31,23,96,51,2,6999,7.50,'0'),(453,33,416,38,49,23,63,51,2,7299,6.10,'0'),(454,14,135,13,68,19,81,52,2,17999,8.70,'0'),(455,14,137,39,69,31,83,53,2,36999,8.90,'1'),(456,30,301,57,64,18,154,58,2,14999,6.90,'0'),(457,30,316,57,65,18,140,58,2,16990,6.80,'0'),(458,31,339,48,48,24,49,58,2,17990,7.40,'1'),(459,34,543,26,65,2,49,58,2,9999,6.90,'1'),(460,26,254,16,81,18,31,58,2,11490,6.80,'0'),(461,18,187,10,48,18,49,58,2,8999,6.60,'0'),(462,31,326,10,48,18,63,58,2,11999,6.90,'0'),(463,39,696,10,83,18,242,58,2,15990,7.30,'0'),(464,31,325,10,119,28,63,58,2,11490,7.20,'0'),(465,20,190,28,24,21,106,59,2,124990,8.90,'1'),(466,21,191,33,67,16,107,60,2,59999,8.90,'1'),(467,21,192,28,80,13,108,61,2,46990,8.70,'1'),(468,23,196,33,24,9,23,62,2,79990,7.50,'1'),(469,37,609,8,54,24,208,62,2,39990,8.60,'1'),(470,24,200,51,84,23,112,63,2,3890,7.50,'0'),(471,25,203,53,48,23,63,64,2,5999,6.00,'0'),(472,34,540,46,48,18,49,64,2,8999,6.20,'0'),(473,34,502,46,49,18,49,64,2,8990,6.20,'0'),(474,34,500,36,48,23,49,64,2,6299,6.00,'0'),(475,34,541,36,49,23,49,64,2,7999,6.10,'0'),(476,34,542,36,49,18,49,64,2,8720,6.40,'0'),(477,44,798,10,49,23,164,64,2,8990,6.10,'0'),(478,31,408,58,116,9,143,65,2,29340,8.30,'1'),(479,31,394,58,116,9,143,65,2,32990,8.40,'1'),(480,30,306,58,116,9,143,65,2,29990,8.40,'1'),(481,30,304,58,116,9,143,65,2,28999,8.40,'1'),(482,31,397,56,116,13,150,65,2,45999,8.60,'1'),(483,31,396,56,116,13,150,65,2,45999,8.60,'1'),(484,31,395,56,116,10,150,65,2,42990,8.50,'1'),(485,26,211,41,89,9,117,65,2,34999,8.60,'1'),(486,30,307,41,116,9,155,65,2,29999,8.30,'1'),(487,30,305,40,117,9,143,65,2,27999,8.40,'1'),(488,44,737,39,67,13,46,65,2,49990,7.70,'1'),(489,31,370,33,105,10,171,65,2,92249,7.50,'1'),(490,31,404,29,132,19,141,65,2,22990,8.40,'1'),(491,30,282,28,110,27,149,65,2,74999,7.50,'1'),(492,30,281,28,110,13,149,65,2,65499,7.50,'1'),(493,31,376,28,110,10,149,65,2,79990,7.50,'1'),(494,30,280,28,110,9,149,65,2,60999,8.90,'1'),(495,34,515,28,143,13,149,65,2,46999,8.90,'1'),(496,34,514,28,143,9,149,65,2,49959,8.90,'1'),(497,42,732,27,67,16,257,65,2,69999,8.30,'1'),(498,31,385,27,67,10,175,65,2,32999,8.40,'1'),(499,26,206,27,85,9,107,65,2,24999,8.50,'1'),(500,26,205,27,85,7,107,65,2,22999,8.30,'1'),(501,28,273,8,57,9,46,65,2,39990,8.80,'1'),(502,31,378,8,72,13,88,65,2,77990,7.50,'1'),(503,31,377,8,72,10,174,65,2,69990,8.90,'1'),(504,31,403,8,73,14,150,65,2,45999,8.60,'1'),(505,26,212,8,90,9,116,65,2,42990,8.70,'1'),(506,26,255,8,94,9,138,65,2,49990,8.90,'1'),(507,34,517,8,114,9,131,65,2,32990,8.50,'1'),(508,31,373,8,125,13,171,65,2,94990,7.50,'1'),(509,26,207,7,86,9,114,65,2,39999,8.80,'1'),(510,26,250,7,86,9,135,65,2,23990,8.30,'1'),(511,26,210,8,88,13,116,66,2,59999,7.50,'1'),(512,26,209,8,88,9,116,66,2,54999,7.50,'1'),(513,26,251,8,95,9,116,66,2,41990,7.50,'1'),(514,26,225,8,95,9,124,66,2,59990,7.50,'1'),(515,26,214,33,65,13,119,67,2,57999,8.90,'1'),(516,26,219,54,65,23,100,68,2,7990,6.50,'0'),(517,26,220,54,65,18,100,68,2,8859,6.70,'0'),(518,32,412,16,136,24,179,68,2,25899,7.20,'0'),(519,26,222,29,93,9,121,69,2,31990,8.40,'1'),(520,31,401,22,131,10,150,69,2,28499,8.30,'1'),(521,31,369,41,114,19,170,70,2,27990,8.30,'1'),(522,26,228,10,92,18,126,70,2,9499,7.50,'0'),(523,34,496,52,48,23,49,72,2,6999,6.20,'0'),(524,27,258,46,99,23,139,72,2,9499,6.20,'0'),(525,34,503,36,48,23,63,72,2,8299,6.20,'0'),(526,34,505,36,48,18,63,72,2,9499,6.50,'0'),(527,34,504,36,48,18,63,72,2,8999,6.50,'0'),(528,33,413,10,48,23,180,72,2,6499,6.50,'0'),(529,33,414,10,48,18,180,72,2,7499,6.80,'0'),(530,31,324,10,119,23,63,72,2,9999,6.60,'0'),(531,27,263,28,20,21,142,73,2,46999,7.50,'1'),(532,27,267,8,27,24,145,74,2,39990,8.70,'1'),(533,27,268,8,104,19,146,75,2,49990,7.50,'1'),(534,29,275,8,107,13,83,76,2,60990,8.60,'1'),(535,29,274,7,106,9,147,76,2,44999,8.40,'1'),(536,30,293,21,113,9,152,77,2,27999,7.70,'0'),(537,31,333,57,65,24,105,78,2,13990,7.00,'0'),(538,30,318,20,65,18,157,78,2,16990,7.50,'1'),(539,31,335,10,24,28,163,78,2,11990,7.10,'0'),(540,31,336,10,24,24,163,78,2,14999,7.40,'0'),(541,31,334,10,24,18,163,78,2,12199,7.00,'0'),(542,31,355,29,105,31,158,79,2,22990,8.20,'1'),(543,30,319,11,26,18,159,79,2,18990,7.50,'1'),(544,30,320,20,114,18,160,80,2,19999,7.30,'0'),(545,37,618,16,146,24,211,80,2,13499,7.60,'0'),(546,34,457,29,26,24,188,81,2,18999,8.20,'1'),(547,34,458,29,26,19,188,81,2,19999,8.40,'1'),(548,31,322,29,118,19,150,81,2,20990,8.40,'1'),(549,31,357,28,43,19,150,81,2,30990,8.70,'1'),(550,34,506,52,48,23,49,82,2,8950,6.40,'0'),(551,34,507,52,48,18,49,82,2,9999,6.70,'0'),(552,35,551,16,48,18,181,82,2,7999,7.00,'0'),(553,33,417,16,48,18,181,82,2,7999,7.00,'0'),(554,37,562,10,24,28,49,82,2,12999,7.20,'0'),(555,37,561,10,24,18,49,82,2,11999,7.10,'0'),(556,31,330,10,24,18,162,82,2,12499,7.20,'0'),(557,31,332,10,119,24,49,83,2,12490,7.20,'0'),(558,31,351,22,26,24,167,85,2,21990,7.60,'1'),(559,31,356,11,26,21,169,85,2,23990,7.90,'1'),(560,31,381,11,26,19,159,85,2,16999,7.90,'1'),(561,31,402,56,131,14,150,86,2,39999,8.60,'1'),(562,31,374,9,124,10,173,86,2,70990,8.80,'1'),(563,31,372,8,43,10,171,86,2,99990,7.50,'1'),(564,37,596,55,54,24,165,87,2,24990,8.30,'0'),(565,37,597,55,54,19,165,87,2,22494,8.60,'0'),(566,34,466,55,114,19,132,87,2,21999,8.50,'0'),(567,37,603,29,54,19,74,87,2,22494,8.60,'0'),(568,31,384,29,126,19,61,87,2,19990,8.20,'0'),(569,33,453,27,24,24,46,87,2,19999,7.20,'1'),(570,37,678,27,54,9,198,87,2,54999,7.70,'1'),(571,31,388,22,127,9,158,87,2,29990,8.30,'1'),(572,31,389,15,128,9,176,87,2,38700,8.40,'1'),(573,31,387,8,73,13,175,87,2,58990,8.80,'1'),(574,33,422,28,72,9,46,88,2,39999,8.60,'1'),(575,33,419,8,131,13,46,88,2,29999,8.60,'1'),(576,33,421,8,131,9,46,88,2,27999,8.50,'1'),(577,33,420,8,131,7,46,88,2,25999,8.20,'1'),(578,33,426,16,65,32,183,89,2,10890,7.40,'0'),(579,37,568,27,65,18,110,92,2,12990,6.30,'0'),(580,41,728,16,65,18,256,95,2,9999,7.40,'0'),(581,41,701,16,65,7,245,95,2,14999,7.70,'0'),(582,37,659,33,54,19,133,98,2,31239,8.80,'1'),(583,37,653,8,131,21,216,100,2,104999,7.50,'1'),(584,37,675,28,76,27,229,103,2,118999,7.50,'1'),(585,37,674,28,76,13,229,103,2,91999,7.50,'1'),(586,37,676,28,76,9,229,103,2,99990,7.50,'1'),(587,37,673,28,68,10,228,104,2,88999,8.80,'1'),(588,37,672,28,68,9,228,104,2,64449,8.70,'1'),(589,37,680,8,76,10,230,105,2,114990,7.50,'1'),(590,39,690,28,41,29,238,110,2,92980,7.50,'1'),(591,41,707,14,74,10,77,112,2,22999,8.40,'0'),(592,44,758,55,105,31,266,115,2,27990,8.40,'0'),(593,44,735,8,59,9,88,116,2,29990,8.50,'1'),(594,44,736,40,59,10,88,117,2,35499,8.60,'1'),(595,44,754,20,65,32,183,118,2,11990,7.40,'0'),(596,44,753,20,65,18,183,118,2,9990,7.20,'0'),(597,44,812,16,65,28,183,118,2,20000,7.30,'0'),(598,37,677,8,166,9,227,5,2,70990,8.80,'1'),(599,37,679,8,167,10,228,5,2,84990,8.90,'1'),(600,37,622,71,158,24,61,11,2,19999,8.20,'0'),(601,41,708,60,177,10,83,11,2,39999,8.50,'1'),(602,44,774,58,190,13,86,11,2,39999,8.60,'1'),(603,44,775,58,190,9,86,11,2,35999,8.50,'1'),(604,45,861,40,110,10,77,11,2,32990,8.60,'1'),(605,36,554,33,152,9,200,11,2,109999,8.70,'1'),(606,36,555,33,153,9,201,11,2,149999,8.70,'1'),(607,37,647,33,160,24,213,11,2,34999,8.50,'1'),(608,37,643,27,160,24,74,11,2,24990,7.20,'1'),(609,37,642,27,160,19,198,11,2,22999,7.40,'0'),(610,44,776,13,189,31,199,11,2,19990,8.40,'0'),(611,44,777,9,191,13,77,11,2,42990,8.70,'1'),(612,44,752,77,73,31,263,11,2,31990,8.60,'1'),(613,41,722,76,48,33,70,13,2,7399,6.20,'0'),(614,34,491,62,31,41,31,13,2,8999,7.50,'0'),(615,41,730,29,48,35,164,13,2,6249,6.10,'0'),(616,44,816,22,65,33,164,13,2,12499,6.90,'0'),(617,44,801,20,48,23,273,13,2,9490,6.40,'0'),(618,14,118,16,48,33,72,13,2,9999,6.40,'0'),(619,44,843,16,198,22,283,13,2,18000,6.20,'0'),(620,31,342,10,26,33,162,13,2,11990,6.70,'0'),(621,44,807,10,48,33,164,13,2,10490,6.70,'0'),(622,41,726,10,48,33,255,13,2,8390,6.30,'0'),(623,44,815,10,65,18,164,13,2,13489,6.90,'0'),(624,41,723,76,48,18,70,13,2,8890,6.30,'0'),(625,45,977,55,211,28,125,14,2,14439,7.70,'0'),(626,45,924,55,211,28,125,14,2,12499,7.70,'0'),(627,45,925,55,211,24,125,14,2,11999,8.00,'0'),(628,45,976,55,211,18,125,14,2,13999,7.50,'0'),(629,45,923,55,211,18,125,14,2,9999,7.60,'0'),(630,44,822,78,195,38,278,15,2,7499,7.50,'0'),(631,17,184,47,79,34,103,15,2,4499,7.50,'0'),(632,16,171,42,77,36,94,15,2,3999,7.50,'0'),(633,45,951,11,26,32,185,16,2,16999,7.90,'1'),(634,45,938,11,26,28,185,16,2,14990,7.70,'1'),(635,45,952,11,26,24,185,16,2,16999,8.10,'1'),(636,45,953,11,26,19,185,16,2,18499,8.30,'1'),(637,44,751,58,104,9,27,16,2,18990,8.00,'1'),(638,45,874,61,206,27,292,17,2,199990,7.50,'1'),(639,45,849,22,200,7,131,17,2,29990,8.20,'1'),(640,25,202,52,48,32,63,19,2,7790,6.80,'0'),(641,45,946,48,65,28,184,19,2,12990,7.30,'1'),(642,44,827,48,154,28,164,19,2,13999,7.00,'1'),(643,44,829,26,158,2,164,19,2,11999,6.70,'1'),(644,34,495,16,31,41,193,19,2,6999,7.50,'0'),(645,37,627,10,154,28,49,19,2,9499,6.80,'0'),(646,37,626,10,154,18,49,19,2,8499,6.60,'0'),(647,37,612,10,154,18,49,19,2,8499,6.80,'0'),(648,45,900,10,48,24,180,19,2,10499,7.20,'0'),(649,45,899,10,48,18,180,19,2,7499,6.80,'0'),(650,45,898,10,48,18,180,19,2,8999,6.80,'0'),(651,34,492,10,48,35,49,19,2,6490,6.10,'0'),(652,37,564,10,48,33,49,19,2,9950,6.60,'0'),(653,44,810,10,49,33,164,19,2,10499,6.60,'0'),(654,44,832,79,197,45,280,20,2,13490,7.50,'0'),(655,44,835,47,153,45,243,20,2,25000,7.50,'0'),(656,26,216,37,49,34,49,20,2,10499,6.50,'0'),(657,45,972,20,219,18,111,20,2,10300,6.50,'0'),(658,40,698,16,175,23,243,20,2,8990,6.00,'0'),(659,45,904,16,48,35,180,20,2,6499,6.10,'0'),(660,45,902,16,48,35,180,20,2,6999,6.10,'0'),(661,45,903,16,48,24,180,20,2,10990,6.90,'0'),(662,45,888,16,48,24,180,20,2,9999,6.90,'0'),(663,45,887,16,48,24,180,20,2,10850,7.00,'0'),(664,45,885,16,48,23,180,20,2,7499,6.40,'0'),(665,45,886,16,48,18,180,20,2,8388,6.60,'0'),(666,45,905,16,49,28,180,20,2,9299,6.70,'0'),(667,45,906,16,49,18,180,20,2,7499,6.60,'0'),(668,44,842,16,198,35,282,20,2,8199,7.50,'0'),(669,41,718,16,180,24,252,23,2,13990,6.70,'0'),(670,44,834,48,64,9,279,24,2,19990,7.90,'1'),(671,44,840,48,116,24,281,24,2,17990,7.60,'1'),(672,14,113,37,65,32,70,24,2,10850,7.40,'0'),(673,44,837,26,104,9,279,24,2,16990,7.70,'1'),(674,44,821,22,65,19,277,24,2,14990,7.70,'0'),(675,44,820,16,65,24,276,24,2,16499,7.50,'0'),(676,44,819,16,65,18,276,24,2,14499,7.20,'0'),(677,41,716,13,179,31,253,24,2,15999,7.40,'0'),(678,45,897,20,65,18,282,26,2,11490,6.60,'0'),(679,37,682,75,9,24,232,26,2,34999,7.80,'0'),(680,45,964,41,216,24,123,29,2,32999,8.30,'1'),(681,45,971,41,218,24,123,29,2,20499,8.30,'1'),(682,45,941,22,213,24,46,29,2,19999,8.30,'1'),(683,45,858,8,67,13,288,29,2,71999,7.50,'1'),(684,34,549,58,150,9,195,30,2,26999,8.40,'1'),(685,45,954,56,142,24,186,30,2,19990,8.20,'1'),(686,45,913,56,142,10,186,30,2,25999,8.50,'1'),(687,45,914,56,142,7,186,30,2,22999,8.20,'1'),(688,45,865,55,204,19,128,30,2,18699,8.20,'0'),(689,33,447,29,43,32,46,30,2,14999,8.00,'1'),(690,46,980,28,143,9,148,30,2,61990,8.90,'1'),(691,45,969,26,26,32,302,30,2,15999,7.80,'1'),(692,44,828,16,196,19,279,30,2,15490,7.90,'0'),(693,45,927,15,43,24,42,30,2,16999,8.30,'1'),(694,33,433,14,26,32,143,30,2,11999,7.70,'0'),(695,44,836,14,184,19,266,30,2,19990,8.00,'0'),(696,45,915,8,139,9,182,30,2,29990,8.40,'1'),(697,45,937,22,26,32,143,33,2,12188,7.90,'0'),(698,45,936,22,26,24,143,33,2,14290,8.00,'0'),(699,45,935,22,26,18,143,33,2,11936,7.60,'0'),(700,37,567,66,154,28,100,34,2,14499,7.20,'0'),(701,37,566,66,154,18,100,34,2,12990,7.10,'0'),(702,37,575,48,154,18,100,34,2,17990,7.30,'1'),(703,37,639,67,160,24,42,35,2,17478,8.10,'1'),(704,37,640,67,160,19,42,35,2,19499,8.40,'1'),(705,45,883,16,64,24,165,35,2,12999,7.70,'0'),(706,45,882,16,64,18,165,35,2,12390,7.40,'0'),(707,34,550,55,151,18,61,36,2,13279,7.50,'0'),(708,45,926,55,212,24,46,36,2,17999,8.10,'0'),(709,37,633,69,146,18,49,37,2,14999,6.00,'0'),(710,37,582,48,154,24,187,37,2,17990,7.90,'1'),(711,45,922,48,65,28,165,37,2,12490,7.60,'1'),(712,45,934,48,65,24,165,37,2,13999,7.90,'1'),(713,45,933,48,65,18,165,37,2,12999,7.50,'1'),(714,37,579,27,24,32,49,37,2,15990,6.30,'0'),(715,37,587,68,155,32,205,38,2,17999,7.70,'0'),(716,38,688,33,171,21,236,38,2,59990,8.80,'0'),(717,37,611,58,24,9,74,38,2,47990,8.00,'1'),(718,37,577,67,154,24,187,41,2,18999,7.90,'1'),(719,37,578,67,154,19,187,41,2,20999,8.20,'1'),(720,37,576,67,154,18,187,41,2,16499,7.50,'1'),(721,45,846,39,66,24,284,44,2,24820,8.30,'1'),(722,45,847,39,66,19,284,44,2,26999,8.60,'1'),(723,45,868,39,199,24,284,44,2,23499,8.10,'1'),(724,45,845,39,199,19,284,44,2,24990,8.30,'1'),(725,45,848,33,67,13,46,44,2,38999,8.80,'1'),(726,45,869,33,67,9,46,44,2,34990,8.60,'1'),(727,45,940,29,43,32,46,44,2,17990,8.10,'1'),(728,45,944,29,43,31,46,44,2,22999,8.70,'1'),(729,45,942,29,43,24,46,44,2,19999,8.30,'1'),(730,45,943,29,43,19,46,44,2,22700,8.60,'1'),(731,45,970,26,43,7,123,44,2,17990,7.80,'1'),(732,45,928,55,212,32,46,46,2,19999,8.10,'0'),(733,45,929,55,212,24,46,46,2,19980,8.20,'0'),(734,45,947,14,26,32,143,46,2,14590,8.00,'0'),(735,45,948,14,26,24,143,46,2,15499,8.10,'0'),(736,45,949,14,26,19,143,46,2,15824,8.40,'0'),(737,45,939,14,43,24,46,46,2,17999,8.10,'0'),(738,17,182,12,3,35,101,48,2,4649,7.50,'0'),(739,37,615,66,158,28,209,49,2,11999,7.50,'0'),(740,37,629,66,158,24,212,49,2,12999,7.50,'0'),(741,37,614,66,158,18,209,49,2,10999,7.40,'0'),(742,37,630,66,158,18,212,49,2,10630,7.10,'0'),(743,44,833,48,65,28,279,49,2,21999,7.80,'1'),(744,44,831,48,65,28,279,49,2,20990,7.70,'1'),(745,44,818,22,65,28,275,49,2,15499,7.40,'0'),(746,41,714,16,159,24,251,49,2,13799,7.70,'0'),(747,41,713,16,159,18,250,49,2,9999,7.40,'0'),(748,44,817,16,65,28,164,49,2,14990,7.40,'0'),(749,45,892,13,65,24,184,49,2,13774,7.60,'0'),(750,45,891,13,65,18,184,49,2,11600,7.40,'0'),(751,44,841,58,54,9,184,50,2,24990,7.70,'1'),(752,45,962,55,43,7,46,50,2,14999,7.70,'0'),(753,44,839,48,65,19,279,50,2,21990,8.20,'1'),(754,34,546,29,148,24,190,50,2,14990,7.80,'1'),(755,45,968,22,43,9,46,50,2,19999,8.10,'1'),(756,44,825,22,65,19,261,50,2,15990,8.10,'0'),(757,44,830,22,74,19,89,50,2,22990,8.30,'0'),(758,44,826,22,74,19,261,50,2,18499,8.00,'0'),(759,44,824,16,65,19,279,50,2,16685,8.00,'0'),(760,45,961,15,43,10,46,50,2,27994,8.20,'1'),(761,45,960,15,43,9,46,50,2,26999,8.20,'1'),(762,45,963,15,43,7,46,50,2,24762,7.90,'1'),(763,14,125,11,26,32,74,50,2,15999,7.80,'1'),(764,34,524,8,147,9,150,50,2,34999,8.30,'1'),(765,16,180,46,65,35,99,51,2,5785,7.50,'0'),(766,16,179,46,65,33,99,51,2,6699,6.10,'0'),(767,14,133,38,48,35,79,51,2,6999,7.50,'0'),(768,41,711,38,48,35,166,51,2,6299,7.50,'0'),(769,14,132,38,48,34,79,51,2,7320,6.00,'0'),(770,45,908,38,49,35,63,51,2,7289,6.00,'0'),(771,45,907,38,49,35,63,51,2,6171,7.50,'0'),(772,45,909,38,49,23,63,51,2,8399,6.10,'0'),(773,33,415,38,49,35,63,51,2,6499,7.50,'0'),(774,22,193,17,31,40,109,51,2,5499,7.50,'0'),(775,14,134,16,48,33,80,51,2,8299,6.30,'0'),(776,16,174,12,31,38,95,51,2,5490,7.50,'0'),(777,16,172,42,78,37,94,54,2,4787,7.50,'0'),(778,16,173,43,78,35,94,55,2,5990,7.50,'0'),(779,16,175,44,48,39,96,56,2,6490,7.50,'0'),(780,16,176,45,31,38,96,57,2,5990,7.50,'0'),(781,16,177,12,31,35,97,57,2,6990,7.50,'0'),(782,37,569,57,155,35,203,58,2,9990,6.30,'0'),(783,22,195,50,31,40,110,58,2,6999,7.50,'0'),(784,44,804,20,48,33,164,58,2,11990,6.80,'0'),(785,44,802,16,48,33,273,58,2,11000,6.80,'0'),(786,44,813,16,65,18,164,58,2,13990,6.90,'0'),(787,45,895,20,208,24,298,61,2,17990,7.90,'1'),(788,37,666,74,164,9,77,62,2,59450,8.80,'1'),(789,37,663,74,83,9,224,62,2,48900,8.80,'1'),(790,37,652,72,82,10,74,62,2,86000,8.70,'0'),(791,37,656,72,83,19,219,62,2,41999,8.80,'0'),(792,37,657,72,83,19,220,62,2,74999,8.90,'1'),(793,37,608,61,54,24,208,62,2,39990,8.60,'1'),(794,37,559,65,48,35,49,64,2,6499,7.50,'0'),(795,37,556,64,53,38,202,64,2,4999,7.50,'0'),(796,34,493,63,48,35,63,64,2,6499,6.10,'0'),(797,44,797,59,49,35,164,64,2,7999,7.50,'0'),(798,34,539,46,48,35,49,64,2,6490,7.50,'0'),(799,34,501,46,49,35,49,64,2,7145,7.50,'0'),(800,34,499,36,48,35,49,64,2,5299,7.50,'0'),(801,44,794,10,48,35,164,64,2,7999,6.10,'0'),(802,31,331,10,48,33,162,64,2,9499,6.20,'0'),(803,44,795,10,49,35,164,64,2,7790,6.00,'0'),(804,34,494,63,48,18,63,64,2,7749,6.10,'0'),(805,44,796,59,49,23,164,64,2,8999,7.50,'0'),(806,41,709,60,177,13,83,65,2,49999,8.90,'1'),(807,44,791,60,193,9,271,65,2,41990,8.80,'1'),(808,44,792,60,194,10,271,65,2,56999,7.50,'1'),(809,45,919,40,210,9,123,65,2,28999,8.50,'1'),(810,45,851,28,47,13,285,65,2,51880,7.50,'1'),(811,45,850,28,47,10,285,65,2,50990,8.90,'1'),(812,45,873,28,131,9,121,65,2,42990,8.70,'1'),(813,45,860,22,131,9,131,65,2,29999,8.50,'1'),(814,45,859,8,43,13,289,65,2,54999,8.90,'1'),(815,44,782,8,45,13,269,65,2,119990,7.50,'1'),(816,45,856,8,131,9,287,65,2,46990,8.90,'1'),(817,45,853,8,201,10,285,65,2,69990,7.50,'1'),(818,45,857,8,202,9,285,65,2,58990,7.50,'1'),(819,37,601,69,24,24,189,65,2,34999,7.60,'1'),(820,44,788,60,116,13,88,65,2,59999,8.80,'1'),(821,44,787,60,116,9,88,65,2,54999,8.60,'1'),(822,31,406,58,114,21,128,65,2,31994,8.70,'1'),(823,30,303,58,116,13,143,65,2,33900,8.50,'1'),(824,44,784,28,59,27,269,70,2,118990,7.50,'1'),(825,44,783,28,59,13,269,70,2,106990,7.50,'1'),(826,44,786,28,110,27,270,70,2,82990,7.50,'1'),(827,46,979,8,75,24,254,70,2,19999,8.20,'1'),(828,44,785,8,192,13,269,70,2,113990,7.50,'1'),(829,27,256,46,53,41,101,71,2,5249,7.50,'0'),(830,34,511,10,146,23,63,72,2,7999,6.40,'0'),(831,37,560,10,154,23,49,72,2,8499,6.70,'0'),(832,37,623,48,154,24,187,76,2,15490,8.00,'1'),(833,37,624,48,154,19,187,76,2,22999,8.20,'1'),(834,44,805,16,48,18,273,78,2,12500,7.10,'0'),(835,44,823,10,24,28,273,78,2,12990,7.10,'0'),(836,45,896,48,65,28,299,80,2,10990,7.70,'1'),(837,45,921,29,26,24,158,80,2,16499,7.80,'0'),(838,45,920,29,26,18,158,80,2,13990,7.50,'0'),(839,37,590,26,154,24,100,80,2,24499,7.90,'1'),(840,37,617,16,146,18,211,80,2,11499,7.30,'0'),(841,37,581,16,154,24,204,80,2,18499,7.60,'0'),(842,45,973,16,129,18,26,80,2,9990,7.50,'0'),(843,45,975,16,220,18,183,80,2,11989,7.50,'0'),(844,37,593,69,26,24,165,80,2,24999,7.50,'1'),(845,37,591,67,24,24,25,80,2,25999,8.20,'1'),(846,37,592,67,24,19,25,80,2,27499,8.50,'1'),(847,37,580,66,48,24,49,80,2,17499,7.50,'0'),(848,37,631,48,154,24,100,82,2,13999,7.50,'1'),(849,37,632,48,154,18,100,82,2,12944,7.10,'1'),(850,45,894,48,65,24,261,82,2,15990,7.70,'1'),(851,45,893,48,65,18,261,82,2,13466,7.40,'1'),(852,45,945,48,65,2,261,82,2,13990,6.90,'1'),(853,45,884,48,65,2,261,82,2,13990,6.90,'1'),(854,45,890,22,64,28,296,82,2,14990,7.30,'0'),(855,45,880,22,64,24,296,82,2,11999,7.50,'0'),(856,45,881,22,64,19,297,82,2,11999,7.70,'0'),(857,45,889,22,64,18,296,82,2,13990,7.10,'0'),(858,45,879,22,64,18,296,82,2,9589,7.10,'0'),(859,39,693,33,172,19,241,83,2,69990,8.60,'1'),(860,39,697,33,174,29,238,83,2,134999,7.50,'1'),(861,39,691,20,173,28,239,83,2,27999,7.50,'0'),(862,39,692,20,174,32,240,83,2,30990,7.80,'1'),(863,31,346,59,120,23,33,84,2,15990,6.20,'0'),(864,31,386,60,67,14,175,86,2,42990,8.60,'1'),(865,31,371,60,124,9,172,86,2,89990,8.80,'1'),(866,37,648,72,161,24,214,87,2,23999,8.30,'0'),(867,37,641,67,160,24,133,87,2,16999,8.40,'1'),(868,45,978,55,212,32,125,87,2,16490,8.00,'0'),(869,34,547,33,149,13,199,87,2,27999,8.70,'1'),(870,34,548,33,149,9,199,87,2,24999,8.50,'1'),(871,37,625,26,159,24,74,87,2,21999,8.40,'1'),(872,37,598,67,24,31,133,87,2,36499,8.90,'1'),(873,37,599,67,24,24,133,87,2,31999,8.70,'1'),(874,37,600,67,24,19,133,87,2,33499,8.90,'1'),(875,31,392,58,114,13,128,87,2,36760,8.70,'1'),(876,45,863,33,26,7,291,88,2,23500,8.00,'1'),(877,45,866,22,204,24,128,88,2,21890,8.30,'1'),(878,45,867,22,204,19,128,88,2,22999,8.60,'1'),(879,33,424,58,115,9,93,88,2,42999,8.60,'1'),(880,33,442,55,27,32,46,90,2,13499,8.00,'0'),(881,37,588,16,154,24,25,90,2,16499,8.00,'0'),(882,37,589,16,154,19,25,90,2,16499,8.20,'0'),(883,37,638,16,158,24,25,90,2,14859,7.90,'0'),(884,37,636,16,158,24,25,90,2,14490,8.00,'0'),(885,37,637,16,158,18,25,90,2,12120,7.50,'0'),(886,37,635,16,158,18,25,90,2,12364,7.60,'0'),(887,45,974,14,182,32,183,90,2,16999,7.80,'0'),(888,33,443,61,141,24,46,91,2,19650,8.20,'0'),(889,37,557,46,154,23,110,92,2,7249,6.60,'0'),(890,37,558,46,154,18,110,92,2,11499,6.90,'0'),(891,37,628,66,158,18,100,93,2,10999,7.20,'0'),(892,37,613,66,158,18,100,93,2,10499,7.30,'0'),(893,45,901,20,64,18,183,93,2,11499,7.40,'0'),(894,41,712,16,178,18,249,93,2,10999,7.40,'0'),(895,37,571,10,154,24,110,93,2,13999,7.50,'0'),(896,37,570,10,154,18,110,93,2,11999,7.10,'0'),(897,37,594,70,156,18,206,94,2,17990,6.90,'0'),(898,44,756,16,183,28,264,94,2,20990,7.00,'0'),(899,37,595,71,155,28,61,95,2,15990,8.00,'0'),(900,44,757,20,165,19,265,95,2,25000,7.80,'0'),(901,44,761,20,185,19,266,95,2,19000,8.20,'0'),(902,37,610,29,157,24,61,96,2,39990,7.80,'0'),(903,37,602,70,113,18,207,96,2,21490,7.00,'0'),(904,37,634,71,158,18,61,97,2,11725,7.60,'0'),(905,45,911,56,139,9,182,97,2,27990,8.30,'1'),(906,45,918,40,139,9,182,97,2,25999,8.30,'1'),(907,45,910,21,209,10,300,97,2,480000,8.80,'0'),(908,45,871,8,205,9,46,97,2,25990,8.30,'1'),(909,45,870,8,205,7,46,97,2,23890,8.00,'1'),(910,37,665,74,54,10,225,98,2,43999,8.80,'1'),(911,37,664,74,54,9,225,98,2,39999,8.70,'1'),(912,37,649,73,54,24,74,98,2,39999,8.30,'0'),(913,37,658,72,54,19,133,98,2,35489,8.60,'0'),(914,37,671,69,103,9,189,98,2,51999,7.90,'1'),(915,37,650,72,162,21,215,99,2,58999,8.90,'0'),(916,37,651,73,82,21,215,99,2,92999,8.90,'1'),(917,37,655,73,163,19,218,101,2,42999,8.10,'0'),(918,37,654,73,54,31,217,101,2,78990,8.60,'1'),(919,37,660,72,54,19,221,102,2,83000,8.80,'0'),(920,37,661,72,54,19,222,102,2,85990,7.50,'1'),(921,37,662,72,76,42,223,103,2,99999,7.50,'1'),(922,37,668,74,24,26,226,103,2,101999,7.50,'1'),(923,37,667,74,24,13,226,103,2,105999,7.50,'1'),(924,37,670,28,165,10,227,104,2,57999,8.70,'1'),(925,37,669,28,165,9,227,104,2,49999,8.60,'1'),(926,37,686,8,170,13,235,104,2,154998,7.50,'1'),(927,37,687,8,170,43,235,104,2,163980,7.50,'1'),(928,37,681,27,168,13,231,106,2,119990,8.50,'1'),(929,37,683,33,169,9,233,107,2,69999,8.40,'1'),(930,37,684,8,165,9,233,107,2,89999,8.80,'1'),(931,37,685,33,170,13,234,108,2,110999,8.90,'1'),(932,39,689,33,172,31,237,109,2,69999,8.90,'1'),(933,41,706,14,176,10,119,111,2,25999,8.40,'0'),(934,41,710,44,31,38,248,113,2,6999,7.50,'0'),(935,43,733,51,181,44,258,114,2,650000,6.20,'0'),(936,44,734,20,182,19,259,115,2,29999,8.20,'0'),(937,44,778,48,138,31,268,116,2,27990,8.30,'1'),(938,44,767,39,187,21,199,116,2,27994,8.60,'1'),(939,44,766,39,187,9,199,116,2,24994,8.30,'1'),(940,44,772,26,189,21,262,116,2,31999,8.50,'1'),(941,44,773,26,189,19,262,116,2,27999,8.30,'1'),(942,44,770,14,188,9,266,116,2,26990,8.20,'0'),(943,44,800,11,130,9,272,117,2,29990,8.20,'1'),(944,44,759,55,184,19,266,119,2,23269,8.50,'0'),(945,44,760,22,184,9,266,119,2,27000,8.40,'1'),(946,44,765,11,184,19,199,119,2,29999,8.60,'1'),(947,44,763,11,184,19,199,119,2,23994,8.50,'1'),(948,44,762,11,184,19,199,119,2,24999,8.30,'0'),(949,44,764,22,186,9,266,120,2,32999,8.50,'1'),(950,44,769,58,124,13,267,121,2,36994,8.70,'1'),(951,44,768,58,124,9,267,121,2,31994,8.50,'1'),(952,44,838,14,188,19,266,122,2,19990,8.20,'0'),(953,44,771,11,188,19,266,122,2,21994,8.40,'1'),(954,44,814,57,48,18,274,123,2,9990,6.50,'0'),(955,44,844,80,198,18,161,124,2,15000,6.50,'0'),(956,45,916,8,43,9,285,125,2,54990,8.60,'1'),(957,45,852,8,118,13,285,125,2,75999,7.50,'1'),(958,45,876,8,131,13,294,125,2,106990,7.50,'1'),(959,45,854,56,67,9,286,126,2,48990,8.70,'1'),(960,45,864,33,26,9,116,126,2,29999,8.60,'1'),(961,45,872,33,205,9,46,126,2,30990,8.50,'1'),(962,45,875,33,207,13,293,126,2,109990,7.50,'1'),(963,45,912,8,67,9,301,126,2,39999,8.50,'1'),(964,45,855,8,67,9,286,127,2,59990,8.90,'1'),(965,45,862,33,203,10,290,128,2,54999,8.80,'1'),(966,45,877,21,83,32,295,129,2,11999,7.70,'0'),(967,45,878,21,83,24,295,129,2,12999,7.80,'0'),(968,45,917,8,67,9,182,130,2,38999,8.50,'1'),(969,45,950,14,26,32,158,131,2,11999,8.00,'0'),(970,45,930,14,26,32,158,131,2,10999,7.80,'0'),(971,45,931,14,26,24,158,131,2,11999,7.90,'0'),(972,45,932,14,26,19,158,131,2,13999,8.20,'0'),(973,45,955,20,26,28,46,132,2,17859,7.60,'1'),(974,45,956,20,26,24,46,132,2,19988,7.90,'1'),(975,45,957,13,26,18,46,132,2,13999,7.50,'0'),(976,45,958,15,214,10,46,133,2,26990,8.60,'1'),(977,45,959,15,215,31,46,133,2,24999,8.90,'1'),(978,45,966,15,217,13,46,133,2,32999,8.70,'1'),(979,45,965,15,217,10,46,133,2,29999,8.60,'1'),(980,45,967,15,217,7,46,133,2,26999,8.40,'1');
/*!40000 ALTER TABLE `fact_smartphones` ENABLE KEYS */;
UNLOCK TABLES;

--
-- Table structure for table `smartphones`
--

DROP TABLE IF EXISTS `smartphones`;
/*!40101 SET @saved_cs_client     = @@character_set_client */;
/*!50503 SET character_set_client = utf8mb4 */;
CREATE TABLE `smartphones` (
  `brand_name` text,
  `model` text,
  `price` int DEFAULT NULL,
  `avg_rating` double DEFAULT NULL,
  `5G_or_not` int DEFAULT NULL,
  `processor_brand` text,
  `num_cores` int DEFAULT NULL,
  `processor_speed` double DEFAULT NULL,
  `battery_capacity` int DEFAULT NULL,
  `fast_charging_available` int DEFAULT NULL,
  `fast_charging` int DEFAULT NULL,
  `ram_capacity` int DEFAULT NULL,
  `internal_memory` int DEFAULT NULL,
  `screen_size` double DEFAULT NULL,
  `refresh_rate` int DEFAULT NULL,
  `num_rear_cameras` int DEFAULT NULL,
  `os` text,
  `primary_camera_rear` int DEFAULT NULL,
  `primary_camera_front` int DEFAULT NULL,
  `extended_memory_available` int DEFAULT NULL,
  `resolution_height` int DEFAULT NULL,
  `resolution_width` int DEFAULT NULL
) ENGINE=InnoDB DEFAULT CHARSET=utf8mb4 COLLATE=utf8mb4_0900_ai_ci;
/*!40101 SET character_set_client = @saved_cs_client */;

--
-- Dumping data for table `smartphones`
--

LOCK TABLES `smartphones` WRITE;
/*!40000 ALTER TABLE `smartphones` DISABLE KEYS */;
INSERT INTO `smartphones` VALUES ('apple','Apple iPhone 11',38999,7.3,0,'bionic',6,2.65,3110,0,25,4,64,6.1,60,2,'ios',12,12,0,1792,828),('apple','Apple iPhone 11 (128GB)',46999,7.5,0,'bionic',6,2.65,3110,0,25,4,128,6.1,60,2,'ios',12,12,0,1792,828),('apple','Apple iPhone 11 Pro Max',109900,7.7,0,'bionic',6,2.65,3500,1,18,4,64,6.5,60,3,'ios',12,12,0,2688,1242),('apple','Apple iPhone 12',51999,7.4,1,'bionic',6,3.1,3500,0,25,4,64,6.1,60,2,'ios',12,12,0,2532,1170),('apple','Apple iPhone 12 (128GB)',55999,7.5,1,'bionic',6,3.1,3500,0,25,4,128,6.1,60,2,'ios',12,12,0,2532,1170),('apple','Apple iPhone 12 (256GB)',67999,7.6,1,'bionic',6,3.1,3500,0,25,4,256,6.1,60,2,'ios',12,12,0,2532,1170),('apple','Apple iPhone 12 Mini',40999,7.4,1,'bionic',6,3.1,3500,0,25,4,64,5.4,60,2,'ios',12,12,0,2340,1080),('apple','Apple iPhone 12 Mini (128GB)',45999,7.5,1,'bionic',6,3.1,3500,0,25,4,128,5.4,60,2,'ios',12,12,0,2340,1080),('apple','Apple iPhone 12 Mini (256GB)',55999,7.5,1,'bionic',6,3.1,3500,0,25,4,256,5.4,60,2,'ios',12,12,0,2340,1080),('apple','Apple iPhone 12 Pro (256GB)',119900,8,1,'bionic',6,3.1,3500,0,25,6,256,6.1,60,3,'ios',12,12,0,2532,1170),('apple','Apple iPhone 12 Pro (512GB)',139900,8,1,'bionic',6,3.1,3500,0,25,6,512,6.1,60,3,'ios',12,12,0,2532,1170),('apple','Apple iPhone 13',62999,7.9,1,'bionic',6,3.22,3240,1,25,4,128,6.1,60,2,'ios',12,12,0,2532,1170),('apple','Apple iPhone 13 (256GB)',72999,7.9,1,'bionic',6,3.22,3240,1,25,4,256,6.1,60,2,'ios',12,12,0,2532,1170),('apple','Apple iPhone 13 (512GB)',91999,8,1,'bionic',6,3.22,3240,1,25,4,512,6.1,60,2,'ios',12,12,0,2532,1170),('apple','Apple iPhone 13 Mini',64900,7.9,1,'bionic',6,3.22,2438,1,25,4,128,5.4,60,2,'ios',12,12,0,2340,1080),('apple','Apple iPhone 13 Pro',119900,8.3,1,'bionic',6,3.22,3095,1,25,6,128,6.1,120,3,'ios',12,12,0,2532,1170),('apple','Apple iPhone 13 Pro (1TB)',147900,8.4,1,'bionic',6,3.22,3095,1,25,6,1024,6.1,120,3,'ios',12,12,0,2532,1170),('apple','Apple iPhone 13 Pro (256GB)',129900,8.3,1,'bionic',6,3.22,3095,1,25,6,256,6.1,120,3,'ios',12,12,0,2532,1170),('apple','Apple iPhone 13 Pro Max',129900,8.4,1,'bionic',6,3.22,4352,1,25,6,128,6.7,120,3,'ios',12,12,0,2778,1284),('apple','Apple iPhone 13 Pro Max (1TB)',179900,8.6,1,'bionic',6,3.22,4352,1,25,6,1024,6.7,120,3,'ios',12,12,0,2778,1284),('apple','Apple iPhone 13 Pro Max (256GB)',139900,8.4,1,'bionic',6,3.22,4352,1,25,6,256,6.7,120,3,'ios',12,12,0,2778,1284),('apple','Apple iPhone 14',65999,8.1,1,'bionic',6,3.22,3279,1,25,6,128,6.1,60,2,'ios',12,12,0,2532,1170),('apple','Apple iPhone 14 (256GB)',75999,8.2,1,'bionic',6,3.22,3279,1,25,6,256,6.1,60,2,'ios',12,12,0,2532,1170),('apple','Apple iPhone 14 (512GB)',95999,8.2,1,'bionic',6,3.22,3279,1,25,6,512,6.1,60,2,'ios',12,12,0,2532,1170),('apple','Apple iPhone 14 Mini',69990,7,0,'bionic',8,2.5,3500,1,25,6,128,5.42,60,2,'ios',12,12,0,2340,1080),('apple','Apple iPhone 14 Plus',74999,8.2,1,'bionic',6,3.22,4325,1,25,6,128,6.7,60,2,'ios',12,12,0,2778,1284),('apple','Apple iPhone 14 Plus (256GB)',84999,8.3,1,'bionic',6,3.22,4325,1,25,6,256,6.7,60,2,'ios',12,12,0,2778,1284),('apple','Apple iPhone 14 Plus (512GB)',104999,8.3,1,'bionic',6,3.22,4325,1,25,6,512,6.7,60,2,'ios',12,12,0,2778,1284),('apple','Apple iPhone 14 Pro',119990,7.5,1,'bionic',6,2.5,3200,1,25,6,128,6.1,120,3,'ios',48,12,0,2556,1179),('apple','Apple iPhone 14 Pro (1TB)',172999,7.7,1,'bionic',6,2.5,3200,1,25,6,1024,6.1,120,3,'ios',48,12,0,2556,1179),('apple','Apple iPhone 14 Pro (256GB)',129990,7.6,1,'bionic',6,2.5,3200,1,25,6,256,6.1,120,3,'ios',48,12,0,2556,1179),('apple','Apple iPhone 14 Pro Max',129990,7.6,1,'bionic',6,2.5,4323,1,25,6,128,6.7,120,3,'ios',48,12,0,2796,1290),('apple','Apple iPhone 14 Pro Max (1TB)',182999,7.8,1,'bionic',6,2.5,4323,1,25,6,1024,6.7,120,3,'ios',48,12,0,2796,1290),('apple','Apple iPhone 14 Pro Max (256GB)',139990,7.7,1,'bionic',6,2.5,4323,1,25,6,256,6.7,120,3,'ios',48,12,0,2796,1290),('apple','Apple iPhone 14 Pro Max (512GB)',169900,7.8,1,'bionic',6,2.5,4323,1,25,6,512,6.7,120,3,'ios',48,12,0,2796,1290),('apple','Apple iPhone 15',82990,7.2,0,'bionic',8,2.5,3285,1,25,6,128,6.06,60,2,'ios',50,13,0,2532,1170),('apple','Apple iPhone 15 Plus',84990,7.5,1,'bionic',6,2.5,4532,1,25,8,128,6.71,120,2,'ios',12,12,0,2778,1284),('apple','Apple iPhone 15 Pro',130990,7.5,1,'bionic',8,2.5,3500,0,25,8,128,6.06,120,3,'ios',50,12,0,2532,1170),('apple','Apple iPhone 15 Pro Max',142990,7.9,1,'bionic',8,2.5,4352,1,25,8,256,6.68,120,3,'ios',50,12,0,2778,1284),('apple','Apple iPhone 15 Ultra',149900,7.9,1,'bionic',8,2.5,4700,1,25,8,128,6.73,120,3,'ios',48,12,0,2796,1290),('apple','Apple iPhone 7s',52990,7.5,0,'fusion',4,2.37,2230,0,25,3,32,4.7,60,1,'ios',13,7,0,1334,750),('apple','Apple iPhone 9',29990,6.1,0,'bionic',6,2.65,2050,1,25,3,64,4.7,60,1,'ios',12,7,0,1334,750),('apple','Apple iPhone SE 2020',39900,6.3,0,'bionic',6,2.65,1821,1,18,3,64,4.7,60,1,'ios',12,7,0,1334,750),('apple','Apple iPhone SE 3 2022',43900,7.5,1,'bionic',6,3.22,3500,0,25,4,64,4.7,60,1,'ios',12,7,0,1334,750),('apple','Apple iPhone SE 4',49990,6,1,'bionic',6,3.22,3500,0,25,4,64,6.1,60,1,'ios',12,11,0,1580,750),('apple','Apple iPhone XR2',71999,6,0,'bionic',8,2.5,3060,1,25,4,64,6.1,60,2,'ios',12,7,0,1792,828),('asus','Asus ROG Phone 5s 5G',39999,8.7,1,'snapdragon',8,2.9,6000,1,65,8,128,6.78,144,3,'android',64,24,0,2448,1080),('asus','Asus ROG Phone 6',71999,8.6,1,'snapdragon',8,3.2,6000,1,65,12,256,6.78,165,3,'android',50,12,0,2448,1080),('asus','Asus ROG Phone 6 Batman Edition',72999,8.8,1,'dimensity',8,3.2,6000,1,65,16,256,6.78,165,3,'android',50,12,0,2448,1080),('asus','Asus ROG Phone 6 Pro 5G',89999,8.8,1,'snapdragon',8,3.2,6000,1,65,18,512,6.78,165,3,'android',50,12,0,2448,1080),('asus','Asus ROG Phone 6D Ultimate',107990,7.5,1,'dimensity',8,3.2,6000,1,65,16,512,6.78,165,3,'android',50,12,0,2448,1080),('asus','Asus ROG Phone 7',75990,8.7,1,'snapdragon',8,3.2,6000,1,120,18,256,6.8,165,3,'android',64,32,0,2448,1080),('asus','Asus ZenFone 9',63990,8.6,1,'snapdragon',8,3.2,4300,1,30,8,128,5.9,120,2,'android',50,12,0,2400,1080),('blackview','Blackview BV5200 Pro',8990,6.7,1,'helio',8,2.3,5180,1,10,4,64,6.1,60,2,'android',13,8,1,1560,720),('blu','BLU F91 5G',14990,8.5,1,'dimensity',8,2.4,5000,1,25,8,128,6.8,60,4,'android',48,16,1,2460,1080),('cat','CAT S22 Flip',14999,7.5,0,'snapdragon',4,1.3,2000,0,25,2,16,4,60,1,'android',5,2,0,640,480),('cola','Cola Phone',14999,7.4,0,'helio',8,2.2,5000,1,33,4,64,6.4,90,2,'android',50,16,1,2400,1080),('doogee','Doogee S99',14999,8.4,0,'helio',8,2.05,6000,1,33,8,128,6.3,60,3,'android',108,32,1,2340,1080),('doogee','Doogee V Max',45999,8.8,1,'dimensity',8,2.6,22000,1,33,12,256,6.58,120,3,'android',108,32,1,2408,1080),('duoqin','Duoqin F22 Pro',9990,7.5,0,'helio',8,2,2150,0,25,4,64,3.54,60,1,'android',8,2,1,960,640),('gionee','Gionee G13 Pro',6190,7.5,0,'tiger',4,2,3500,0,25,4,32,6.26,60,2,'android',13,5,1,1600,720),('gionee','Gionee K10',6999,7.5,0,'tiger',4,2,4800,0,25,3,32,6.8,60,1,'android',13,5,1,1600,720),('gionee','Gionee M12 Pro',7499,6.7,0,'helio',8,1.99,4000,0,25,6,128,6.2,60,1,'android',16,13,1,1520,720),('google','Google Pixel 2 XL',15990,6.9,0,'snapdragon',8,2.35,3520,1,25,4,128,6,60,1,'android',12,8,0,2880,1440),('google','Google Pixel 3a XL',15999,6.7,0,'snapdragon',8,2,3700,1,18,4,64,6,60,1,'android',12,8,0,2160,1080),('google','Google Pixel 4',20120,7.8,0,'snapdragon',8,2.8,2800,1,25,6,64,5.7,60,2,'android',16,8,0,2280,1080),('google','Google Pixel 5',36000,8.2,1,'snapdragon',8,2.4,4080,1,18,8,128,6,90,2,'android',16,8,0,2340,1080),('google','Google Pixel 5A',32999,7.8,1,'snapdragon',8,2.4,4620,1,18,6,128,6.34,60,2,'android',16,8,0,2400,1080),('google','Google Pixel 6',40480,8.4,1,'google',8,2.8,4614,1,30,8,128,6.4,90,2,'android',50,8,0,2400,1080),('google','Google Pixel 6 Pro',54300,8.9,1,'google',8,2.8,5003,1,30,12,128,6.71,120,3,'android',50,11,0,3120,1440),('google','Google Pixel 6 Pro (12GB RAM + 256GB)',79700,7.5,1,'google',8,2.8,5003,1,30,12,256,6.71,120,3,'android',50,11,0,3120,1440),('google','Google Pixel 6A',29999,7.1,1,'google',8,2.5,4410,1,25,6,128,6.14,60,2,'android',12,8,0,2400,1080),('google','Google Pixel 7 5G',53100,8.6,1,'google',8,2.85,4355,1,30,8,128,6.3,90,2,'android',50,11,0,2400,1080),('google','Google Pixel 7 Pro 5G',81999,7.5,1,'google',8,2.85,5000,1,30,12,128,6.7,120,3,'android',50,11,0,3120,1440),('google','Google Pixel 7A',34990,6.9,1,'google',8,2.5,4410,1,25,6,128,6.1,90,2,'android',12,8,0,2400,1080),('google','Google Pixel 8',53990,7.5,1,'google',8,2.5,4830,1,67,8,128,6.6,120,2,'android',50,10,0,2400,1080),('google','Google Pixel 8 Pro',70990,8,1,'google',8,2.5,5000,1,67,12,256,6.73,120,3,'android',50,12,0,3120,1440),('honor','Honor 50',32990,8.5,1,'snapdragon',8,2.4,4300,1,66,6,128,6.57,120,4,'android',108,32,0,2340,1080),('honor','Honor 60 SE 5G',24990,7.5,1,'dimensity',8,2,4300,1,66,8,128,6.67,120,3,'android',64,16,0,2340,1080),('honor','Honor 70 5G',39990,8.8,1,'snapdragon',8,2.5,4800,1,66,12,512,6.67,120,3,'android',54,32,0,2400,1080),('honor','Honor 70 5G (8GB RAM + 256GB)',30990,8.6,1,'snapdragon',8,2.5,4800,1,66,8,256,6.67,120,3,'android',54,32,0,2400,1080),('honor','Honor 80 Pro Plus',54990,7.5,1,'snapdragon',8,3,4500,1,100,12,256,6.78,120,3,'android',200,50,0,2652,1200),('honor','Honor Magic 4 Pro Plus 5G',94990,7.5,1,'snapdragon',8,3,4600,1,120,12,512,6.76,120,4,'android',50,13,0,2772,1344),('honor','Honor Play 30',9999,6.8,1,'snapdragon',8,2.2,5000,0,25,4,128,6.5,60,1,'android',13,5,1,1600,720),('honor','Honor X6',13999,7.1,0,'helio',8,2,5000,1,10,4,64,6.5,60,3,'android',50,5,1,1600,720),('honor','Honor X7a',13999,7.5,0,'helio',8,2.3,5000,1,22,6,128,6.75,90,4,'android',50,8,1,1600,720),('honor','Honor X8',16999,7.6,0,'snapdragon',8,2.4,4000,1,22,6,128,6.7,90,4,'android',64,16,0,2388,1080),('honor','Honor X8 5G',14990,7.5,1,'snapdragon',8,2.2,5000,1,22,6,128,6.5,60,3,'android',48,8,1,1600,720),('honor','Honor X9 5G',16999,8,1,'snapdragon',8,2.2,4800,1,66,8,128,6.81,60,3,'android',48,16,0,2388,1080),('honor','Honor X9a',27999,8.1,1,'snapdragon',8,2.2,5100,1,40,8,256,6.67,120,3,'android',64,16,0,2400,1080),('huawei','Huawei Honor 9N',10949,6.6,0,'kirin',8,2.36,3000,0,25,4,64,5.84,60,2,'android',13,16,1,2280,1080),('huawei','Huawei Mate 30 RS Porsche Design',214990,7.5,1,'kirin',8,2.86,4500,1,25,12,512,6.53,60,4,'android',40,32,1,2400,1176),('huawei','Huawei Mate 40 Pro 4G',69990,7.5,0,'kirin',8,3.13,4400,1,66,8,128,6.76,90,3,'android',50,13,1,2772,1344),('huawei','Huawei Mate 50 Pro 5G',99990,8.5,1,'kirin',8,3.13,4500,1,66,8,256,6.76,120,3,'android',64,13,0,3200,1440),('huawei','Huawei Mate 50 RS Porsche Design',239999,8.1,0,'snapdragon',8,3.2,4700,1,66,12,512,6.74,120,3,'android',50,13,1,2616,1212),('huawei','Huawei Mate X',169000,7.5,1,'kirin',8,2.86,4500,1,55,8,512,8,60,4,'android',48,16,0,2480,2200),('huawei','Huawei Mate Xs 2',162990,8.9,0,'snapdragon',8,2.84,4600,1,66,8,512,7.8,120,3,'android',50,11,0,2480,2200),('huawei','Huawei Nova 10',29990,8.2,0,'snapdragon',8,2.4,4000,1,66,8,128,6.67,120,3,'android',50,60,0,2400,1080),('huawei','Huawei Nova 10 SE',23999,8.4,0,'snapdragon',8,2.4,4500,1,66,8,256,6.67,90,3,'android',108,16,1,2160,1080),('huawei','Huawei Nova 7i',21990,8.1,0,'kirin',8,2.2,4200,1,40,8,128,6.4,60,4,'android',48,16,1,2340,1080),('huawei','Huawei Nova 9',29990,8.3,0,'snapdragon',8,2.4,4300,1,66,8,128,6.57,120,4,'android',50,32,0,2340,1080),('huawei','Huawei Nova 9 SE',19990,8.4,0,'snapdragon',8,2.4,4000,1,66,8,128,6.78,90,4,'android',108,16,1,2388,1080),('huawei','Huawei Nova Y61',21990,6.3,0,'snapdragon',8,2.5,5000,1,22,4,64,6.52,60,3,'android',50,5,1,1600,720),('huawei','Huawei Nova Y90',22990,8.2,0,'snapdragon',8,2.4,5000,1,40,8,128,6.7,90,4,'android',50,8,1,2388,1080),('huawei','Huawei P40 Pro',82990,7.5,1,'kirin',8,2.86,4200,1,40,8,256,6.58,90,4,'android',50,32,1,2640,1200),('huawei','Huawei P50 Pro 4G',60999,7.5,0,'snapdragon',8,2.84,4360,1,66,8,256,6.6,120,4,'android',50,13,1,2700,1288),('ikall','iKall Z18',6799,6.1,0,'snapdragon',4,1.3,5000,0,25,4,64,6.82,60,1,'android',20,13,1,1560,720),('ikall','iKall Z19',7999,6.1,0,'snapdragon',4,1.6,5000,0,25,4,32,6.5,60,1,'android',20,13,1,1600,720),('ikall','iKall Z19 Pro',8099,6,0,'snapdragon',4,1.6,5000,0,25,4,64,6.5,60,1,'android',13,8,1,1600,720),('infinix','Infinix Hot 11S',9690,7.1,0,'helio',8,2,5000,0,25,4,64,6.78,90,3,'android',50,8,1,2480,1080),('infinix','Infinix Hot 12',9999,7.2,0,'helio',8,2.3,6000,1,18,4,64,6.82,90,3,'android',50,8,1,1640,720),('infinix','Infinix Hot 12 Play',8910,6.6,0,'tiger',8,1.82,6000,1,18,4,64,6.82,90,2,'android',13,8,1,720,1640),('infinix','Infinix Hot 12 Pro',10850,7.4,0,'tiger',8,2,5000,1,18,6,64,6.6,90,2,'android',50,8,1,1612,720),('infinix','Infinix Hot 12 Pro (8GB RAM+ 128GB)',12340,7.6,0,'tiger',8,2,5000,1,18,8,128,6.6,90,2,'android',50,8,1,1612,720),('infinix','Infinix Hot 20',17999,7.5,1,'dimensity',8,2.4,5000,1,18,4,64,6.6,120,2,'android',50,8,1,2408,1080),('infinix','Infinix Hot 20 (6GB RAM+ 128GB)',19999,7.8,1,'dimensity',8,2.4,5000,1,18,6,128,6.6,120,2,'android',50,8,1,2408,1080),('infinix','Infinix Hot 20 Play',8999,6.7,0,'helio',8,2.3,6000,1,18,4,64,6.82,90,2,'android',13,8,1,1640,720),('infinix','Infinix Hot 20i',9999,6.4,0,'helio',8,2,5000,0,25,3,64,6.6,60,2,'android',13,8,1,1612,720),('infinix','Infinix Hot 20S',12999,7.7,0,'helio',8,2.05,5000,1,18,8,128,6.78,60,2,'android',50,8,1,2460,1080),('infinix','Infinix Note 11 (6GB RAM + 128GB)',12799,7.7,0,'helio',8,2,5000,1,33,6,128,6.7,60,3,'android',50,16,1,2400,1080),('infinix','Infinix Note 11S (8GB RAM + 128GB)',15999,7.9,0,'helio',8,2.05,5000,1,33,8,128,6.95,120,3,'android',50,16,1,2460,1080),('infinix','Infinix Note 12',11700,7.4,0,'helio',8,2,5000,1,33,4,64,6.7,60,3,'android',50,16,1,1080,2400),('infinix','Infinix Note 12 (6GB RAM + 128GB)',12999,7.7,0,'helio',8,2,5000,1,33,6,128,6.7,60,3,'android',50,16,1,1080,2400),('infinix','Infinix Note 12 (G96)',16999,7.9,0,'helio',8,2.05,5000,1,33,8,128,6.7,60,3,'android',50,16,1,2400,1080),('infinix','Infinix Note 12 5G',15999,7.8,1,'dimensity',8,2.4,5000,1,33,6,64,6.7,60,3,'android',50,16,1,2400,1080),('infinix','Infinix Note 12 Pro',16900,8.3,0,'helio',8,2.2,5000,1,33,8,256,6.7,60,3,'android',108,16,1,2400,1080),('infinix','Infinix Note 12 Pro 5G',18999,8.4,1,'dimensity',8,2.4,5000,1,33,8,128,6.7,60,3,'android',108,16,1,2400,1080),('infinix','Infinix Note 12 Turbo',14999,7.9,0,'helio',8,2,5000,1,33,8,128,6.7,60,3,'android',50,16,1,1080,2400),('infinix','Infinix Note 12 VIP',19999,8.4,0,'helio',8,2.05,4500,1,120,8,128,6.7,120,3,'android',108,16,1,2400,1080),('infinix','Infinix Note 12i (2022)',9999,7.3,0,'helio',8,2,5000,1,33,4,64,6.7,60,3,'android',50,8,1,2400,1080),('infinix','Infinix Note 13 Pro',16999,8,0,'helio',8,2.2,5000,1,120,6,128,6.91,60,4,'android',108,16,1,2460,1080),('infinix','Infinix Smart 6',7320,6,0,'helio',4,2,5000,0,25,2,64,6.6,60,2,'android',8,5,1,1600,720),('infinix','Infinix Smart 6 HD',6999,7.5,0,'helio',4,2,5000,0,25,2,32,6.6,60,2,'android',8,5,1,1600,720),('infinix','Infinix Smart 6 Plus',8299,6.3,0,'helio',8,2,5000,0,25,3,64,6.82,60,2,'android',8,5,1,1600,720),('infinix','Infinix Zero 20',17999,8.7,0,'helio',8,2.2,4500,1,45,8,128,6.7,90,3,'android',108,60,1,2400,1080),('infinix','Infinix Zero 5G 2023',19499,8.5,1,'dimensity',8,2.6,5000,1,33,8,256,6.78,120,3,'android',50,16,1,2460,1080),('infinix','Infinix Zero Ultra',36999,8.9,1,'dimensity',8,2.5,4500,1,180,8,256,6.8,120,3,'android',200,32,1,2400,1080),('infinix','Infinix Zero X Pro',21990,8.5,1,'helio',8,2.05,4500,1,45,8,128,6.67,120,3,'android',108,16,1,2400,1080),('iqoo','iQOO 11 (16GB RAM + 256GB)',64999,8.9,1,'snapdragon',8,3.2,5000,1,120,16,256,6.78,144,3,'android',50,16,0,3200,1440),('iqoo','iQOO 11 5G',59999,8.8,1,'snapdragon',8,3.2,5000,1,120,8,256,6.78,144,3,'android',50,16,0,3200,1440),('iqoo','iQOO 11 Pro 5G',58990,8.9,1,'snapdragon',8,3.2,4700,1,200,8,256,6.78,144,3,'android',50,16,0,3200,1440),('iqoo','iQOO 7',24990,8.3,1,'snapdragon',8,3.2,4400,1,66,8,128,6.62,120,3,'android',48,16,0,2400,1080),('iqoo','iQOO 7 (12GB RAM + 256GB)',35990,8.5,1,'snapdragon',8,3.2,4400,1,66,12,256,6.62,120,3,'android',48,16,0,2400,1080),('iqoo','iQOO 7 Legend',39990,8.4,1,'snapdragon',8,2.84,4000,1,66,8,128,6.62,120,3,'android',48,16,0,2400,1080),('iqoo','iQOO 9 5G',34990,8.4,1,'snapdragon',8,2.9,4350,1,120,8,128,6.56,120,3,'android',48,16,0,2376,1080),('iqoo','iQOO 9 5G (12GB RAM + 256GB)',39990,8.5,1,'snapdragon',8,2.9,4350,1,120,12,256,6.56,120,3,'android',48,16,0,2376,1080),('iqoo','iQOO 9 Pro 5G',59990,8.8,1,'snapdragon',8,3,4700,1,120,8,256,6.78,120,3,'android',50,16,0,3200,1440),('iqoo','iQOO 9 SE 5G',30990,8.3,1,'snapdragon',8,2.84,4500,1,66,8,128,6.62,120,3,'android',48,16,0,2400,1080),('iqoo','iQOO 9 SE 5G (12GB RAM + 256GB)',34949,8.5,1,'snapdragon',8,2.84,4500,1,66,12,256,6.62,120,3,'android',48,16,0,2400,1080),('iqoo','iQOO 9T 5G',47990,8.5,1,'snapdragon',8,3.2,4700,1,120,8,128,6.78,120,3,'android',50,16,0,2400,1080),('iqoo','iQOO Neo 6 5G',28999,8.2,1,'snapdragon',8,3.2,4700,1,80,8,128,6.62,120,3,'android',64,16,0,2400,1080),('iqoo','iQOO Neo 6 5G (12GB RAM + 256GB)',33749,8.4,1,'snapdragon',8,3.2,4700,1,80,12,256,6.62,120,3,'android',64,16,0,2400,1080),('iqoo','iQOO Neo 6 SE 5G',22990,8.3,1,'snapdragon',8,3.2,4700,1,80,8,128,6.62,120,3,'android',64,16,0,2400,1080),('iqoo','iQOO Neo 7 5G',29999,8.2,1,'dimensity',8,3.1,5000,1,120,8,128,6.78,120,3,'android',64,16,0,2400,1080),('iqoo','iQOO Neo 7 Racing Edition',32990,8.4,1,'snapdragon',8,3.2,5000,1,120,8,256,6.78,120,3,'android',50,16,0,2400,1080),('iqoo','iQOO Neo 7 SE 5G',24990,8.3,1,'dimensity',8,3.1,5000,1,120,8,128,6.78,120,3,'android',64,16,0,2400,1080),('iqoo','iQOO Z6 4G',14489,7.7,0,'snapdragon',8,2.4,5000,1,44,4,128,6.44,120,3,'android',50,16,1,2400,1080),('iqoo','iQOO Z6 4G (6GB RAM + 128GB)',15999,8,0,'snapdragon',8,2.4,5000,1,44,6,128,6.44,120,3,'android',50,16,1,2400,1080),('iqoo','iQOO Z6 5G',15499,7.8,1,'snapdragon',8,2.2,5000,1,18,4,128,6.58,120,3,'android',50,16,1,2408,1080),('iqoo','iQOO Z6 5G (6GB RAM + 128GB)',16940,8,1,'snapdragon',8,2.2,5000,1,18,6,128,6.58,120,3,'android',50,16,1,2408,1080),('iqoo','iQOO Z6 5G (8GB RAM + 128GB)',18498,8.2,1,'snapdragon',8,2.2,5000,1,18,8,128,6.58,120,3,'android',50,16,1,2408,1080),('iqoo','iQOO Z6 Lite (6GB RAM + 128GB)',15499,7.9,1,'snapdragon',8,2,5000,1,18,6,128,6.58,120,2,'android',50,8,1,2408,1080),('iqoo','iQOO Z6 Lite 5G',13989,7.5,1,'snapdragon',8,2,5000,1,18,4,64,6.58,120,2,'android',50,8,1,2408,1080),('iqoo','iQOO Z6 Pro 5G',21788,7.8,1,'snapdragon',8,2.4,4700,1,66,6,128,6.44,90,3,'android',64,16,0,2404,1080),('iqoo','iQOO Z6 Pro 5G (12GB RAM + 256GB)',27999,8.2,1,'snapdragon',8,2.4,4700,1,66,12,256,6.44,90,3,'android',64,16,0,2404,1080),('iqoo','iQOO Z6 Pro 5G (8GB RAM + 128GB)',23399,8,1,'snapdragon',8,2.4,4700,1,66,8,128,6.44,90,3,'android',64,16,0,2404,1080),('iqoo','iQOO Z7 5G',17999,8,1,'snapdragon',8,2.2,4200,1,55,8,128,6.67,120,3,'android',50,16,0,2400,1080),('iqoo','iQOO Z7 Pro 5G',24999,8,1,'snapdragon',8,2.36,5000,1,67,6,128,6.62,144,3,'android',50,16,1,2412,1080),('iqoo','iQOO Z8 5G',14999,7.8,1,'snapdragon',8,2.2,5000,1,18,4,128,6.58,120,3,'android',50,16,1,2412,1080),('iqoo','iQOO Z9',19990,7.6,1,'snapdragon',8,2.5,5000,1,45,8,128,6.67,120,3,'android',64,16,1,2412,1080),('itel','Itel A23 Pro',3999,7.5,0,'spreadtrum',4,1.4,2400,0,25,1,8,5,60,1,'android',5,2,0,480,854),('itel','itel A23s',4787,7.5,0,'spreadtrum',4,1.4,3020,0,25,2,32,5,60,1,'android',2,4,0,480,854),('itel','Itel A24 Pro',5990,7.5,0,'unisoc',4,1.4,3020,0,25,2,32,5,60,1,'android',2,0,1,480,854),('itel','itel A56',5490,7.5,0,'snapdragon',4,1.3,4000,0,25,1,16,6,60,2,'android',8,5,1,1600,720),('itel','itel P36',6490,7.5,0,'spreadtrum',4,1.3,5000,0,25,1,16,6.5,60,2,'android',8,8,0,720,1600),('itel','itel S16',5990,7.5,0,'unisoc',4,1.3,4000,0,25,1,16,6.5,60,3,'android',8,8,1,720,1600),('itel','itel S16 Pro',6990,7.5,0,'snapdragon',4,1.3,4000,0,25,2,32,6.6,60,3,'android',8,8,1,720,1600),('itel','itel Vision 1 (3GB RAM + 32GB)',5890,7.5,0,'unisoc',8,1.6,4000,0,25,3,32,6.09,60,2,'android',8,5,1,720,1520),('itel','itel Vision 3',6699,6.1,0,'unisoc',8,1.6,5000,1,18,3,64,6.6,60,2,'android',8,5,1,720,1612),('itel','itel Vision 3 (2GB RAM + 32GB)',5785,7.5,0,'unisoc',8,1.6,5000,1,18,2,32,6.6,60,2,'android',8,5,1,720,1612),('jio','Jio JioPhone 5G',11990,6.4,1,'snapdragon',8,2.2,5000,1,18,4,32,6.5,90,1,'android',13,8,1,1600,720),('jio','Jio JioPhone Next',4649,7.5,0,'snapdragon',4,1.3,3500,0,25,2,32,5.45,60,1,'android',13,8,1,1440,720),('jio','Jio JioPhone Next (3GB RAM + 32GB)',7499,7.5,0,'snapdragon',4,1.3,3000,0,25,3,32,5.5,60,1,'android',13,8,1,1440,720),('jio','Jio Phone 3',4499,7.5,0,'snapdragon',4,1.4,2800,0,25,2,64,5,60,1,'android',5,2,1,1280,720),('lava','Lava Agni 5G',17990,8.4,1,'dimensity',8,2.4,5000,1,30,8,128,6.78,90,4,'android',64,16,1,2460,1080),('lava','Lava Blaze 5G',10999,7.3,1,'dimensity',8,2.2,5000,0,25,4,128,6.5,90,3,'android',50,8,1,720,1600),('lava','Lava Blaze NXT',8999,6.6,0,'helio',8,2.3,5000,0,25,4,64,6.5,60,3,'android',13,8,1,1600,720),('lava','Lava X3',6999,7.5,0,'helio',4,2,4000,0,25,3,32,6.5,60,2,'android',8,5,1,720,1600),('leeco','LeEco S1 Pro',10999,6.5,0,'tiger',4,1.8,5000,1,10,8,128,6.5,60,2,'android',13,5,0,1600,720),('leitz','Leitz Phone 2',124990,8.9,1,'snapdragon',8,3,5000,1,25,12,256,6.6,240,2,'android',47,13,1,2730,1260),('lenovo','Lenovo Legion Pro 2',59999,8.9,1,'snapdragon',8,2.84,5000,1,120,16,512,6.5,144,2,'android',64,20,0,2400,1080),('lenovo','Lenovo Legion Y90',46990,8.7,1,'snapdragon',8,3,5600,1,68,12,256,6.92,144,2,'android',64,16,0,2460,1080),('letv','Letv Y1 Pro',5499,7.5,0,'tiger',4,2,4000,0,25,4,32,6.54,60,2,'android',8,5,0,1560,720),('letv','Letv Y1 Pro Plus',5999,6,0,'tiger',4,1.8,4000,1,10,6,64,6.5,60,2,'android',8,5,0,1560,720),('letv','Letv Y2 Pro',6999,7.5,0,'unisoc',8,2.5,4000,0,25,4,32,6.5,60,3,'android',13,8,0,1560,720),('lg','LG V60 ThinQ',79990,7.5,1,'snapdragon',8,2.84,5000,1,25,8,128,6.8,60,3,'android',64,10,0,2460,1080),('lg','LG Velvet 5G',54999,8.5,1,'snapdragon',8,2.4,4300,1,25,6,128,6.8,60,3,'android',48,16,1,2460,1080),('lg','LG Wing 5G',54999,8.9,1,'snapdragon',8,2.4,4000,1,25,8,128,6.8,60,3,'android',64,32,0,2460,1080),('lyf','Lyf Earth 1',3990,6,0,'snapdragon',8,1.5,3500,0,25,3,32,5.5,60,2,'android',13,5,1,1920,1080),('lyf','Lyf Earth 2',3890,7.5,0,'snapdragon',8,1.5,2500,0,25,3,32,5,60,1,'android',13,13,1,1920,1080),('micromax','Micromax IN 2B',6999,6.6,0,'unisoc',8,1.8,5000,0,25,4,64,6.52,60,2,'android',13,5,1,1600,720),('micromax','Micromax IN 2B (6GB RAM + 64GB)',7790,6.8,0,'unisoc',8,1.8,5000,0,25,6,64,6.52,60,2,'android',13,5,1,1600,720),('micromax','Micromax IN 2C',5999,6,0,'tiger',8,1.8,5000,0,25,3,32,6.52,60,1,'android',8,5,1,1600,720),('motorola','Motorola Edge 20 Fusion 5G',18999,8.7,1,'dimensity',8,2.4,5000,1,30,6,128,6.67,90,3,'android',108,32,1,2400,1080),('motorola','Motorola Edge 30 5G',22999,8.3,1,'snapdragon',8,2.5,4020,1,33,6,128,6.5,144,3,'android',50,32,0,2400,1080),('motorola','Motorola Edge 30 5G (8GB RAM + 128GB)',24999,8.5,1,'snapdragon',8,2.5,4020,1,33,8,128,6.5,144,3,'android',50,32,0,2400,1080),('motorola','Motorola Edge 30 Fusion 5G',39999,8.8,1,'snapdragon',8,2.9,4400,1,68,8,128,6.55,144,3,'android',50,32,0,2400,1080),('motorola','Motorola Edge 30 Pro 5G',34999,8.9,1,'snapdragon',8,3,4800,1,68,8,128,6.7,144,3,'android',50,60,0,2400,1080),('motorola','Motorola Edge 30 Ultra',54999,7.5,1,'snapdragon',8,3.2,4610,1,125,8,128,6.67,144,3,'android',200,60,0,2400,1080),('motorola','Motorola Edge 30 Ultra (12GB RAM + 256GB)',59999,7.5,1,'snapdragon',8,3.2,4610,1,125,12,256,6.67,144,3,'android',200,60,0,2400,1080),('motorola','Motorola Edge 40 5G',34999,8.6,1,'snapdragon',8,2.36,4200,1,67,8,128,6.5,144,3,'android',50,32,0,2412,1080),('motorola','Motorola Edge 40 Fusion',42990,8.7,1,'snapdragon',8,3.2,4500,1,68,8,128,6.67,144,3,'android',50,32,0,2400,1080),('motorola','Motorola Edge 40 Pro 5G',59990,8.9,1,'snapdragon',8,3.2,4800,1,125,8,128,6.7,165,3,'android',50,60,0,2460,1080),('motorola','Motorola Edge Plus',57999,8.9,1,'snapdragon',8,2.84,5000,1,18,12,256,6.7,90,3,'android',108,25,0,2340,1080),('motorola','Motorola Edge S',22490,8.7,1,'snapdragon',8,3.2,5000,1,20,6,128,6.7,90,4,'android',64,16,1,2520,1080),('motorola','Motorola Moto E13',10499,6.5,0,'tiger',8,2,5000,1,10,2,64,6.5,60,1,'android',13,5,1,1600,720),('motorola','Motorola Moto E22s',9022,7,0,'helio',8,2.3,5000,1,10,4,64,6.5,90,2,'android',16,8,1,1600,720),('motorola','Motorola Moto E32',8999,7.1,0,'helio',8,2.3,5000,1,10,4,64,6.5,90,2,'android',50,8,1,1600,720),('motorola','Motorola Moto E32s',7990,6.5,0,'helio',8,1.8,5000,1,18,3,32,6.5,90,3,'android',16,8,1,1600,720),('motorola','Motorola Moto E32s (4GB RAM + 64GB)',8859,6.7,0,'helio',8,1.8,5000,1,18,4,64,6.5,90,3,'android',16,8,1,1600,720),('motorola','Motorola Moto E40',7999,7.1,0,'tiger',8,1.8,5000,0,25,4,64,6.5,90,3,'android',48,8,1,1600,720),('motorola','Motorola Moto Edge 30 Neo',31990,8.4,1,'snapdragon',8,2.2,4020,1,68,8,128,6.28,120,2,'android',64,32,0,2400,1080),('motorola','Motorola Moto Edge S30 5G',23990,8.5,1,'snapdragon',8,2.9,5000,1,33,6,128,6.8,144,3,'android',108,16,0,2460,1080),('motorola','Motorola Moto Edge S30 Pro',34990,8.3,1,'snapdragon',8,3,5000,1,68,8,128,6.67,120,3,'android',64,16,0,2460,1080),('motorola','Motorola Moto Edge X30 Pro',59990,7.5,1,'snapdragon',8,3.2,4450,1,125,8,128,6.67,144,3,'android',200,60,0,2340,1080),('motorola','Motorola Moto G 5G',19990,8.2,1,'snapdragon',8,2.2,5000,1,20,6,128,6.67,60,3,'android',48,16,1,2400,1080),('motorola','Motorola Moto G13',15999,7.5,0,'helio',8,2,5000,1,10,4,128,6.5,90,3,'android',50,8,1,1600,720),('motorola','Motorola Moto G22',9499,7.5,0,'helio',8,2.3,5000,1,20,4,64,6.53,90,4,'android',50,16,1,1600,720),('motorola','Motorola Moto G23',19999,7.7,0,'helio',8,2,5000,1,30,4,128,6.5,90,3,'android',50,16,1,1600,720),('motorola','Motorola Moto G31',9999,7.5,0,'helio',8,2,5000,1,20,4,64,6.47,60,3,'android',50,13,1,2400,1080),('motorola','Motorola Moto G31 (6GB RAM+ 128GB)',11999,7.8,0,'helio',8,2,5000,1,20,6,128,6.47,60,3,'android',50,13,1,2400,1080),('motorola','Motorola Moto G32',10499,7.5,0,'snapdragon',8,2.4,5000,1,33,4,64,6.55,90,3,'android',50,16,1,2400,1080),('motorola','Motorola Moto G40 Fusion',14499,7.7,0,'snapdragon',8,2.3,6000,1,20,4,64,6.78,120,3,'android',64,16,1,2460,1080),('motorola','Motorola Moto G42',10999,7.8,0,'snapdragon',8,2.4,5000,1,20,4,64,6.47,60,3,'android',50,16,1,2400,1080),('motorola','Motorola Moto G51 5G',12999,7.7,1,'snapdragon',8,2.2,5000,0,25,4,64,6.8,120,3,'android',50,13,1,2400,1080),('motorola','Motorola Moto G52',11999,7.5,0,'snapdragon',8,2.4,5000,1,33,4,64,6.6,90,3,'android',50,16,1,1080,2460),('motorola','Motorola Moto G52 (6GB RAM + 128GB)',12999,7.9,0,'snapdragon',8,2.4,5000,1,33,6,128,6.6,90,3,'android',50,16,1,1080,2460),('motorola','Motorola Moto G52 5G',16999,7.6,1,'snapdragon',8,2.2,5000,1,33,4,64,6.6,90,3,'android',50,16,1,1080,2460),('motorola','Motorola Moto G53',21999,7.9,1,'snapdragon',8,2.2,5000,1,10,4,128,6.5,120,2,'android',50,16,1,1600,720),('motorola','Motorola Moto G60',15999,8.4,0,'snapdragon',8,2.3,6000,1,20,6,128,6.78,120,3,'android',108,32,1,2460,1080),('motorola','Motorola Moto G62 (8GB RAM + 128GB)',16499,8.4,1,'snapdragon',8,2.2,5000,1,25,8,128,6.55,120,3,'android',50,16,1,2400,1080),('motorola','Motorola Moto G62 5G',14999,8.1,1,'snapdragon',8,2.2,5000,1,25,6,128,6.55,120,3,'android',50,16,1,2400,1080),('motorola','Motorola Moto G71 5G',16999,8,1,'snapdragon',8,2.2,5000,1,33,6,128,6.4,60,3,'android',50,16,0,2400,1080),('motorola','Motorola Moto G72',19990,8.1,1,'snapdragon',8,2.2,5000,1,33,6,128,6.5,120,3,'android',108,16,0,2400,1080),('motorola','Motorola Moto G72 4G',15999,8.3,0,'helio',8,2.2,5000,1,33,6,128,6.55,120,3,'android',108,16,1,2400,1080),('motorola','Motorola Moto G73',25999,8.5,1,'dimensity',8,2.2,5000,1,30,8,256,6.5,120,2,'android',50,16,1,2400,1080),('motorola','Motorola Moto G82 (8GB RAM + 128GB)',20499,8.6,1,'snapdragon',8,2.2,5000,1,30,8,128,6.6,120,3,'android',50,16,1,2400,1080),('motorola','Motorola Moto G82 5G',18999,8.3,1,'snapdragon',8,2.2,5000,1,30,6,128,6.6,120,3,'android',50,16,1,2400,1080),('motorola','Motorola Moto G91 5G',19990,8,1,'snapdragon',8,2.2,5000,1,25,6,128,6.8,60,3,'android',108,32,1,2400,1080),('motorola','Motorola Moto S30 Pro',23990,8.3,1,'snapdragon',8,2.9,4400,1,68,8,128,6.55,144,3,'android',50,32,0,2460,1080),('motorola','Motorola Moto X30 Pro',41990,7.5,1,'snapdragon',8,3.2,4450,1,125,8,128,6.67,144,3,'android',200,60,0,2400,1080),('motorola','Motorola Moto X40',39999,8.9,1,'snapdragon',8,3.2,4600,1,125,8,128,6.7,165,3,'android',50,60,0,2400,1080),('motorola','Motorola One Fusion Plus',19499,8,0,'snapdragon',8,2.2,5000,1,18,6,128,6.5,60,4,'android',64,16,1,2340,1080),('motorola','Motorola One Macro',11490,6.8,0,'helio',8,2,4000,1,10,4,64,6.2,60,3,'android',13,8,1,1520,720),('motorola','Motorola ThinkPhone',49990,8.9,1,'snapdragon',8,3.2,5000,1,68,8,128,6.6,144,3,'android',50,32,0,2400,1080),('nokia','Nokia C01 Plus',5249,7.5,0,'unisoc',8,1.6,3000,0,25,2,16,5.45,60,1,'android',5,5,1,1440,720),('nokia','Nokia C21 Plus (4GB RAM + 64GB)',8999,6.4,0,'unisoc',8,1.6,5050,0,25,4,64,6.52,60,2,'android',13,5,1,1600,720),('nokia','Nokia C31',9499,6.2,0,'unisoc',8,1.6,5050,1,10,3,32,6.74,60,3,'android',13,5,1,1600,720),('nokia','Nokia G11 Plus',10499,7,0,'unisoc',8,1.6,5000,1,10,4,64,6.52,90,2,'android',50,8,1,1600,720),('nokia','Nokia G21',11999,7.1,0,'unisoc',8,1.6,5050,1,18,4,64,6.5,90,3,'android',50,8,1,1600,720),('nokia','Nokia G21 (6GB RAM + 128GB)',13499,7.5,0,'unisoc',8,1.6,5050,1,18,6,128,6.5,90,3,'android',50,8,1,1600,720),('nokia','Nokia G60',28498,8.1,1,'snapdragon',8,2.2,4500,1,20,6,128,6.58,120,3,'android',50,8,1,2400,1080),('nokia','Nokia N73 5G',46999,7.5,1,'snapdragon',8,3,6000,1,65,12,256,6.9,120,1,'android',200,32,1,3200,1400),('nokia','Nokia X100 5G',17990,8.2,1,'snapdragon',8,2,4470,1,18,6,128,6.67,60,4,'android',48,16,1,2400,1080),('nokia','Nokia X30',41990,8.5,1,'snapdragon',8,2.2,4200,1,33,6,128,6.43,90,2,'android',50,16,1,2400,1080),('nokia','Nokia X50 5G',34999,7.6,1,'snapdragon',8,2.5,6000,1,33,6,64,6.81,60,4,'android',108,32,1,2400,1080),('nokia','Nokia X60 5G',39990,8.7,1,'snapdragon',8,3.2,6000,1,33,6,128,6.51,144,4,'android',200,16,1,2400,1080),('nokia','Nokia X60 Pro 5G',49990,7.5,1,'snapdragon',8,3.2,6000,1,44,8,128,6.51,144,4,'android',200,32,1,2408,1080),('nothing','Nothing Phone 1',26749,8.5,1,'snapdragon',8,2.5,4500,1,33,8,128,6.55,120,2,'android',50,16,0,2400,1080),('nothing','Nothing Phone 1 (12GB RAM + 256GB)',35999,8.7,1,'snapdragon',8,2.5,4500,1,33,12,256,6.55,120,2,'android',50,16,0,2400,1080),('nothing','Nothing Phone 1 (8GB RAM + 256GB)',28249,8.6,1,'snapdragon',8,2.5,4500,1,33,8,256,6.55,120,2,'android',50,16,0,2400,1080),('nothing','Nothing Phone 1 Lite',24990,8,1,'snapdragon',8,2.5,5000,1,33,6,128,6.55,120,2,'android',50,16,0,2400,1080),('nothing','Nothing Phone 2',39990,8.8,1,'snapdragon',8,3.2,4700,1,66,8,128,6.67,120,3,'android',50,32,0,2400,1080),('nubia','Nubia Red Magic 6S 5G',44999,8.4,1,'snapdragon',8,2.9,5050,1,30,8,128,6.8,165,3,'android',64,8,0,2400,1080),('nubia','Nubia Red Magic 7S Pro',60990,8.6,1,'snapdragon',8,3.2,5000,1,135,12,256,6.8,120,3,'android',64,8,0,2400,1080),('nubia','Nubia Red Magic 8 Pro 5G',46990,8.4,1,'snapdragon',8,3.2,6000,1,80,8,128,6.8,120,3,'android',50,16,0,2480,1116),('nubia','Nubia Red Magic 8 Pro Plus',60999,8.6,1,'snapdragon',8,3.2,5000,1,165,12,256,6.8,120,3,'android',50,16,0,2480,1116),('nubia','Nubia Z40 Pro 5G',49990,8.4,1,'snapdragon',8,3,5000,1,80,8,128,6.67,144,3,'android',64,16,0,2400,1080),('nubia','Nubia Z50',34999,8.2,1,'snapdragon',8,3.2,5000,1,80,8,128,6.67,144,3,'android',64,16,0,2400,1080),('oneplus','OnePlus 10 Pro 5G',60999,8.9,1,'snapdragon',8,3,5000,1,80,8,128,6.7,120,3,'android',50,32,0,3216,1440),('oneplus','OnePlus 10 Pro 5G (12GB RAM + 256GB)',65499,7.5,1,'snapdragon',8,3,5000,1,80,12,256,6.7,120,3,'android',50,32,0,3216,1440),('oneplus','OnePlus 10 Pro 5G (12GB RAM + 512GB)',74999,7.5,1,'snapdragon',8,3,5000,1,80,12,512,6.7,120,3,'android',50,32,0,3216,1440),('oneplus','OnePlus 10R 5G',32999,8.6,1,'dimensity',8,2.85,5000,1,80,8,128,6.7,120,3,'android',50,16,0,2412,1080),('oneplus','OnePlus 10R 5G (12GB RAM + 256GB)',36999,8.7,1,'dimensity',8,2.85,5000,1,80,12,256,6.7,120,3,'android',50,16,0,2412,1080),('oneplus','OnePlus 10R Prime Edition',35389,8.5,1,'dimensity',8,2.85,5000,1,80,8,128,6.7,120,3,'android',50,16,0,2412,1080),('oneplus','OnePlus 10T',44999,8.5,1,'snapdragon',8,3.2,4800,1,150,8,128,6.7,120,3,'android',50,16,0,2412,1080),('oneplus','OnePlus 10T (12GB RAM + 256GB)',50999,8.7,1,'snapdragon',8,3.2,4800,1,150,12,256,6.7,120,3,'android',50,16,0,2412,1080),('oneplus','OnePlus 10T (16GB RAM + 256GB)',55999,8.7,1,'snapdragon',8,3.2,4800,1,150,16,256,6.7,120,3,'android',50,16,0,2412,1080),('oneplus','OnePlus 11 5G',54999,8.9,1,'snapdragon',8,3.2,5000,1,100,12,256,6.7,120,3,'android',50,16,0,3216,1440),('oneplus','OnePlus 11 Pro',69999,7.5,1,'snapdragon',8,3.2,4500,1,100,8,128,6.7,120,3,'android',50,16,0,3216,1440),('oneplus','OnePlus 11R',39999,8.5,1,'snapdragon',8,3.2,5000,1,100,8,128,6.7,120,3,'android',50,16,0,2412,1080),('oneplus','OnePlus 12 Pro',69999,7.5,1,'snapdragon',8,3.2,4800,1,150,12,256,6.73,144,3,'android',108,32,0,3412,1440),('oneplus','OnePlus 6 (8GB RAM + 128GB)',27999,7.7,0,'snapdragon',8,2.8,3300,0,25,8,128,6.28,60,2,'android',20,16,0,2280,1080),('oneplus','OnePlus 9 Pro',64800,8.9,1,'snapdragon',8,2.84,4500,1,65,8,128,6.7,120,4,'android',48,16,0,3216,1440),('oneplus','OnePlus 9RT 5G',42999,8.5,1,'snapdragon',8,2.84,4500,1,25,8,128,6.62,120,3,'android',50,16,0,2400,1080),('oneplus','OnePlus 9T',44999,8.6,1,'snapdragon',8,2.84,4500,1,65,8,128,6.55,120,4,'android',108,16,0,2400,1080),('oneplus','OnePlus Ace 2',34999,8.4,1,'snapdragon',8,3.2,5000,1,100,8,128,6.7,120,3,'android',50,16,0,2412,1080),('oneplus','OnePlus Ace 5G',28990,8.4,1,'dimensity',8,2.85,4500,1,150,8,128,6.7,120,3,'android',50,16,0,2412,1080),('oneplus','OnePlus Ace Pro',47990,8.6,1,'snapdragon',8,3.2,4800,1,150,12,256,6.7,120,3,'android',50,16,0,2412,1080),('oneplus','OnePlus Ace Racing Edition 5G',22990,8.3,1,'dimensity',8,2.85,5000,1,25,8,128,6.59,120,3,'android',64,16,0,2412,1080),('oneplus','OnePlus Clover',14999,6.9,0,'snapdragon',8,1.8,6000,1,18,4,64,6.52,60,3,'android',13,8,1,1560,720),('oneplus','OnePlus Nord 2 Lite 5G',22999,8.3,1,'snapdragon',8,2.2,5000,1,33,8,128,6.59,120,3,'android',64,16,1,2412,1080),('oneplus','OnePlus Nord 2T (12GB RAM + 256GB)',33900,8.5,1,'dimensity',8,3,4500,1,80,12,256,6.43,90,3,'android',50,32,0,2400,1080),('oneplus','OnePlus Nord 2T 5G',28999,8.4,1,'dimensity',8,3,4500,1,80,8,128,6.43,90,3,'android',50,32,0,2400,1080),('oneplus','OnePlus Nord 3 5G',27999,8.4,1,'dimensity',8,3.1,4200,1,120,8,128,6.43,90,3,'android',50,32,0,2400,1080),('oneplus','OnePlus Nord 3T 5G',29990,8.4,1,'dimensity',8,3,4500,1,80,8,128,6.43,90,3,'android',50,32,0,2400,1080),('oneplus','OnePlus Nord 4 5G',29999,8.3,1,'snapdragon',8,2.36,4500,1,80,8,128,6.43,120,3,'android',50,32,0,2412,1080),('oneplus','OnePlus Nord 5',34999,7.6,1,'dimensity',8,2.5,5000,1,120,8,128,6.57,120,3,'android',64,32,0,2400,1080),('oneplus','OnePlus Nord CE 2 Lite 5G',19989,8.1,1,'snapdragon',8,2.2,5000,1,33,6,128,6.59,120,3,'android',64,16,1,2412,1080),('oneplus','OnePlus Nord CE 2 Lite 5G (8GB RAM + 128GB)',21995,8.4,1,'snapdragon',8,2.2,5000,1,33,8,128,6.59,120,3,'android',64,16,1,2412,1080),('oneplus','OnePlus Nord CE 2 Lite 5G (8GB RAM + 256GB)',24999,8.5,1,'snapdragon',8,2.2,5000,1,33,8,256,6.59,120,3,'android',64,16,1,2412,1080),('oneplus','OnePlus Nord CE 3 5G',21999,8.3,1,'snapdragon',8,2.2,5000,1,67,6,128,6.7,120,3,'android',108,16,1,2412,1080),('oneplus','OnePlus Nord CE 3 Lite 5G',18999,8.1,1,'snapdragon',8,2.2,5000,1,33,6,128,6.59,120,3,'android',50,16,1,2412,1080),('oneplus','OnePlus Nord Lite',19999,7.7,0,'snapdragon',8,2,4300,1,30,8,128,6.55,90,3,'android',48,16,0,2400,1080),('oneplus','OnePlus Nord N10',25595,8.1,1,'snapdragon',8,2,4300,1,30,6,128,6.49,90,4,'android',64,16,1,2400,1080),('oneplus','OnePlus Nord N100',16990,6.8,0,'snapdragon',8,1.8,5000,1,18,4,64,6.52,90,3,'android',13,8,1,1600,720),('oneplus','OnePlus Nord N20 5G',20990,8.1,1,'snapdragon',8,2.2,4500,1,33,6,128,6.43,60,3,'android',64,16,1,2400,1080),('oneplus','OnePlus Nord N200',16990,7.5,1,'snapdragon',8,2,5000,1,18,4,64,6.49,90,3,'android',13,16,1,2400,1080),('oneplus','OnePlus Nord N300',18990,7.5,1,'dimensity',8,2.4,5000,1,33,4,64,6.56,90,2,'android',48,16,1,1612,720),('oneplus','OnePlus Nord SE',19999,7.3,0,'snapdragon',8,2,4500,1,65,4,64,6.3,60,4,'android',48,13,1,2400,1080),('oneplus','OnePlus Z',24999,7.9,0,'snapdragon',8,2.4,4300,1,30,8,128,6.55,90,3,'android',64,16,0,2400,1080),('oppo','OPPO A1 Pro',20990,8.4,1,'snapdragon',8,2.2,4800,1,67,8,128,6.7,120,2,'android',108,16,1,2412,1080),('oppo','Oppo A12',9990,6.4,0,'helio',8,1.8,4230,0,25,3,32,6.22,60,2,'android',13,5,1,720,1520),('oppo','OPPO A15',9999,6.6,0,'helio',8,2.3,4230,0,25,3,32,6.52,60,3,'android',13,5,1,1600,720),('oppo','Oppo A15s (4GB RAM + 128GB)',11490,7.2,0,'helio',8,2.3,4230,0,25,4,128,6.52,60,3,'android',13,8,1,1600,720),('oppo','OPPO A16',11999,6.9,0,'helio',8,2.3,5000,0,25,4,64,6.52,60,3,'android',13,8,1,1600,720),('oppo','OPPO A16e',8999,6.5,0,'helio',8,2,4230,0,25,3,32,6.52,60,1,'android',13,5,1,1600,720),('oppo','OPPO A16e (4GB RAM + 64GB)',8999,6.8,0,'helio',8,2,4230,0,25,4,64,6.52,60,1,'android',13,5,1,1600,720),('oppo','OPPO A16K (4GB RAM + 64GB)',10999,6.6,0,'helio',8,2.3,4230,0,25,4,64,6.52,60,1,'android',13,5,1,1600,720),('oppo','OPPO A17',12499,7.2,0,'helio',8,2.3,5000,1,25,4,64,6.56,60,2,'android',50,5,1,1612,720),('oppo','OPPO A17K',9499,6.2,0,'helio',8,2.3,5000,0,25,3,64,6.56,60,1,'android',8,5,1,1612,720),('oppo','Oppo A31 2020 (6GB RAM + 128GB)',12490,7.2,0,'helio',8,2.3,4230,0,25,6,128,6.5,60,3,'android',12,8,1,1600,720),('oppo','OPPO A53 2020 (6GB RAM + 128GB)',13990,7,0,'snapdragon',8,1.8,5000,1,18,6,128,6.5,90,3,'android',13,16,1,720,1600),('oppo','OPPO A54',12199,7,0,'helio',8,2.3,5000,1,25,4,64,6.51,60,3,'android',13,16,1,720,1600),('oppo','OPPO A54 (4GB RAM + 128GB)',11990,7.1,0,'helio',8,2.3,5000,1,25,4,128,6.51,60,3,'android',13,16,1,720,1600),('oppo','OPPO A54 (6GB RAM + 128GB)',14999,7.4,0,'helio',8,2.3,5000,1,25,6,128,6.51,60,3,'android',13,16,1,720,1600),('oppo','OPPO A55 4G',13499,7.3,0,'helio',8,2.3,5000,1,18,4,64,6.51,60,3,'android',50,16,1,1600,720),('oppo','OPPO A55 4G (6GB RAM + 128GB)',14700,7.6,0,'helio',8,2.3,5000,1,18,6,128,6.51,60,3,'android',50,16,1,1600,720),('oppo','OPPO A55 5G',17990,7.4,1,'dimensity',8,2.2,5000,0,25,6,128,6.5,60,3,'android',13,8,1,1600,720),('oppo','Oppo A56 5G',17990,7.3,1,'dimensity',8,2.2,5000,0,25,6,128,6.5,60,2,'android',13,8,1,1600,720),('oppo','Oppo A56s',12999,7.5,1,'dimensity',8,2.4,5000,0,25,8,128,6.56,60,2,'android',13,8,1,1612,720),('oppo','OPPO A57 4G',11990,6.7,0,'helio',8,2.3,5000,1,33,3,64,6.56,60,2,'android',13,8,1,1612,720),('oppo','OPPO A57 4G (4GB RAM + 64 GB)',13969,6.9,0,'helio',8,2.3,5000,1,33,4,64,6.56,60,2,'android',13,8,1,1612,720),('oppo','OPPO A58',18990,7.6,1,'dimensity',8,2.2,5000,1,33,6,128,6.56,90,2,'android',50,8,1,1612,720),('oppo','OPPO A58x',13990,7.2,1,'dimensity',8,2.2,5000,1,10,6,128,6.56,90,2,'android',13,8,1,1612,720),('oppo','OPPO A73',15990,6.2,0,'helio',8,2.5,3200,0,25,3,32,6,60,1,'android',13,16,1,2160,1080),('oppo','OPPO A74 5G',15490,7.7,1,'snapdragon',8,2,5000,1,18,6,128,6.5,90,3,'android',48,8,1,2400,1080),('oppo','OPPO A76',16490,7.3,0,'snapdragon',8,2.4,5000,1,33,6,128,6.56,90,2,'android',13,8,1,1612,720),('oppo','OPPO A77',15499,7,0,'helio',8,2.3,5000,1,33,4,64,6.56,60,2,'android',50,8,1,1600,720),('oppo','OPPO A77 (4GB RAM + 128 GB)',15998,7.1,0,'helio',8,2.3,5000,1,33,4,128,6.56,60,2,'android',50,8,1,1600,720),('oppo','Oppo A77 5G',21990,7.6,1,'snapdragon',8,2.4,5000,1,33,6,128,6.56,90,2,'android',48,8,1,1600,720),('oppo','OPPO A77s',17999,7.6,0,'snapdragon',8,2.4,5000,1,33,8,128,6.56,90,2,'android',50,8,1,1600,720),('oppo','Oppo A78',18999,7.9,1,'dimensity',8,2.2,5000,1,33,8,128,6.56,90,2,'android',50,8,1,1612,720),('oppo','OPPO A96 4G',17999,8,0,'snapdragon',8,2.4,5000,1,33,8,128,6.59,90,2,'android',50,16,1,2412,1080),('oppo','Oppo A96 5G',22990,8.2,1,'snapdragon',8,2.2,4500,1,33,8,256,6.43,60,2,'android',48,16,1,2400,1080),('oppo','OPPO A97 5G',23990,7.9,1,'dimensity',8,2.4,5000,1,33,12,256,6.56,90,2,'android',48,8,1,2400,1080),('oppo','Oppo A98',30990,8.7,1,'snapdragon',8,3,5000,1,67,8,128,6.7,120,2,'android',108,16,1,2412,1080),('oppo','OPPO F17 Pro',18990,8.3,0,'helio',8,2.2,4015,1,30,8,128,6.43,60,4,'android',48,16,1,2400,1080),('oppo','OPPO F19',14990,7.8,0,'snapdragon',8,2,5000,1,33,6,128,6.4,60,3,'android',48,16,1,2400,1080),('oppo','OPPO F19 Pro',17994,8,0,'helio',8,2.2,4310,1,30,8,128,6.43,60,4,'android',48,16,1,2400,1080),('oppo','OPPO F19 Pro Plus 5G',19990,8.2,1,'dimensity',8,2.4,4310,1,50,8,128,6.43,60,4,'android',48,16,1,2400,1080),('oppo','OPPO F19s',15988,7.9,0,'snapdragon',8,2,5000,1,33,6,128,6.43,60,3,'android',48,16,1,2400,1080),('oppo','OPPO F21 Pro 4G',20999,8.2,0,'snapdragon',8,2.4,4500,1,33,8,128,6.5,90,3,'android',64,32,1,2400,1080),('oppo','OPPO F21 Pro 5G',25969,8.2,1,'snapdragon',8,2.2,4500,1,33,8,128,6.43,60,3,'android',64,16,1,2400,1080),('oppo','OPPO F21s Pro',25895,8.2,1,'snapdragon',8,2.2,4500,1,33,8,128,6.43,60,3,'android',64,16,1,2400,1080),('oppo','OPPO F21s Pro 4G',21899,8.2,0,'snapdragon',8,2.4,4500,1,33,8,128,6.43,90,3,'android',64,32,1,2400,1080),('oppo','OPPO F22 Pro',27660,8.3,1,'snapdragon',8,2.2,4800,1,67,8,128,6.58,120,3,'android',64,32,1,2400,1080),('oppo','OPPO F23 Pro',19990,8.2,1,'snapdragon',8,2.2,4500,1,33,8,128,6.5,90,3,'android',64,32,1,2400,1080),('oppo','OPPO F23 Pro Plus 5G',27990,8.3,1,'snapdragon',8,2.36,4500,1,65,8,128,6.43,90,4,'android',50,16,1,2460,1080),('oppo','Oppo Find N 5G',92249,7.5,1,'snapdragon',8,2.84,4500,1,33,8,256,7.1,120,3,'android',50,32,0,1920,1792),('oppo','OPPO Find N Flip',89990,8.8,1,'dimensity',8,3.05,4300,1,44,8,128,6.8,120,2,'android',50,32,0,2400,1200),('oppo','Oppo Find N Fold',99990,7.5,1,'snapdragon',8,3.2,5000,1,67,8,256,7.1,120,2,'android',50,32,0,1920,1792),('oppo','Oppo Find N2 5G',94990,7.5,1,'snapdragon',8,3.2,4520,1,67,12,256,7.1,120,3,'android',50,32,0,1920,1792),('oppo','OPPO Find N2 Flip',70990,8.8,1,'dimensity',8,3.2,4300,1,44,8,256,6.8,120,2,'android',50,32,0,2520,1080),('oppo','Oppo Find X3 Pro',50990,7.5,1,'snapdragon',8,2.84,4500,1,65,12,256,6.7,120,4,'android',50,32,0,3216,1440),('oppo','Oppo Find X5 Pro 5G',79990,7.5,1,'snapdragon',8,3,5000,1,80,8,256,6.7,120,3,'android',50,32,0,3216,1440),('oppo','Oppo Find X6',69990,8.9,1,'snapdragon',8,3.2,4700,1,120,8,256,6.73,120,3,'android',50,32,0,2400,1080),('oppo','Oppo Find X6 Pro',77990,7.5,1,'snapdragon',8,3.2,4700,1,120,12,256,6.78,120,3,'android',50,32,0,2400,1080),('oppo','OPPO K10',13490,7.8,0,'snapdragon',8,2.4,5000,1,33,6,128,6.59,90,3,'android',50,16,1,2412,1080),('oppo','OPPO K10 (8GB RAM + 128GB)',16990,8,0,'snapdragon',8,2.4,5000,1,33,8,128,6.59,90,3,'android',50,16,1,2412,1080),('oppo','OPPO K10 5G',16999,7.9,1,'dimensity',8,2.4,5000,1,33,8,128,6.56,90,2,'android',48,8,1,1612,720),('oppo','Oppo K10 Pro 5G',29990,8.1,1,'snapdragon',8,2.84,5000,1,80,8,128,6.62,120,3,'android',50,16,0,2400,1080),('oppo','Oppo K10x 5G',16990,7.8,1,'snapdragon',8,2.2,5000,1,67,6,128,6.59,120,3,'android',64,16,0,2412,1080),('oppo','Oppo K5 (8GB RAM + 128GB)',19990,8.2,0,'snapdragon',8,2.2,4000,1,30,8,128,6.4,60,4,'android',64,32,1,2340,1080),('oppo','OPPO Reno 10',32999,8.4,1,'snapdragon',8,2.5,5000,1,120,8,256,6.73,120,3,'android',50,32,0,2412,1080),('oppo','OPPO Reno 10 Pro',42990,8.6,1,'dimensity',8,3.05,5000,1,120,16,256,6.73,120,2,'android',50,32,0,2412,1080),('oppo','Oppo Reno 10 Pro Plus',58990,8.8,1,'snapdragon',8,3.2,4700,1,80,12,256,6.73,120,4,'android',64,32,0,2412,1080),('oppo','Oppo Reno 5',29990,8.3,1,'snapdragon',8,2.4,4300,1,65,8,128,6.43,60,4,'android',64,32,0,2400,1080),('oppo','Oppo Reno 5 Pro 5G',38700,8.4,1,'dimensity',8,2.6,4350,1,65,8,128,6.53,90,4,'android',64,32,0,2400,1080),('oppo','Oppo Reno 5A',22990,8,1,'snapdragon',8,2.4,4000,1,18,6,128,6.5,90,4,'android',64,16,1,2400,1080),('oppo','OPPO Reno 6',26380,8.3,1,'dimensity',8,2,4300,1,65,8,128,6.43,90,3,'android',64,32,0,2400,1080),('oppo','OPPO Reno 6 Pro 5G',36760,8.7,1,'dimensity',8,3,4500,1,65,12,256,6.55,90,4,'android',64,32,0,2400,1080),('oppo','OPPO Reno 6 Pro Plus 5G',44990,8.7,1,'snapdragon',8,3.2,4500,1,65,8,128,6.55,90,4,'android',50,32,0,2400,1080),('oppo','OPPO Reno 8 House of Dragon Edition',32990,8.4,1,'dimensity',8,3,4500,1,80,8,128,6.43,90,3,'android',50,32,0,2400,1080),('oppo','Oppo Reno 8 Pro (8GB RAM + 256GB)',42990,8.5,1,'dimensity',8,2.85,4500,1,80,8,256,6.7,120,3,'android',50,32,0,2412,1080),('oppo','OPPO Reno 8 Pro 5G',45999,8.6,1,'dimensity',8,2.85,4500,1,80,12,256,6.7,120,3,'android',50,32,0,2412,1080),('oppo','OPPO Reno 8 Pro House of Dragon Edition',45999,8.6,1,'dimensity',8,2.85,4500,1,80,12,256,6.7,120,3,'android',50,32,0,2412,1080),('oppo','OPPO Reno 8 Z',26990,8.6,1,'snapdragon',8,2.2,4500,1,33,8,256,6.43,60,3,'android',64,16,1,2400,1080),('oppo','Oppo Reno 8T',29990,8.7,1,'snapdragon',8,2.2,5000,1,66,8,256,6.67,120,3,'android',108,16,1,2400,1080),('oppo','Oppo Reno 8T 4G',19999,8.3,0,'helio',8,2.2,5000,1,66,8,256,6.67,120,3,'android',50,16,1,2400,1080),('oppo','OPPO Reno 9 5G',28499,8.3,1,'snapdragon',8,2.4,4500,1,67,8,256,6.7,120,2,'android',64,32,0,2412,1080),('oppo','OPPO Reno 9 Pro 5G',39999,8.6,1,'dimensity',8,2.85,4500,1,67,16,256,6.7,120,2,'android',50,32,0,2412,1080),('oppo','OPPO Reno 9 Pro Plus',45999,8.6,1,'snapdragon',8,3.2,4700,1,80,16,256,6.7,120,3,'android',50,32,0,2412,1080),('oppo','OPPO Reno 9 Z',22990,8.4,1,'snapdragon',8,2.2,4800,1,33,8,128,6.58,120,3,'android',50,32,1,2400,1080),('oppo','OPPO Reno7 5G',25994,8.5,1,'dimensity',8,2,4500,1,65,8,256,6.43,90,3,'android',64,32,1,2400,1080),('oppo','OPPO Reno7 Pro 5G',31994,8.7,1,'dimensity',8,3,4500,1,65,12,256,6.55,90,3,'android',50,32,1,2400,1080),('oppo','OPPO Reno7 Z 5G',17999,8.4,1,'snapdragon',8,2.2,4500,1,33,8,128,6.43,60,3,'android',64,16,1,2400,1080),('oppo','OPPO Reno8 5G',29340,8.3,1,'dimensity',8,3,4500,1,80,8,128,6.43,90,3,'android',50,32,0,2400,1080),('oppo','OPPO X 2021',134999,8.6,0,'snapdragon',8,2.84,4000,1,45,8,256,7.4,60,3,'android',64,16,0,3200,1440),('oukitel','Oukitel WP19',29990,8.4,0,'helio',8,2,21000,1,33,8,256,6.78,60,3,'android',64,16,1,2400,1080),('oukitel','Oukitel WP21',22990,8.2,0,'helio',8,2.2,9800,1,66,12,256,6.78,120,3,'android',64,16,0,2400,1080),('oukitel','Oukitel WP9',25899,7.2,0,'helio',8,2,8000,0,25,6,128,5.86,60,3,'android',16,8,1,1520,720),('poco','POCO C31',6499,6.5,0,'helio',8,2.3,5000,0,25,3,32,6.53,60,3,'android',13,5,1,1600,720),('poco','POCO C31 (4GB RAM + 64GB)',7499,6.8,0,'helio',8,2.3,5000,0,25,4,64,6.53,60,3,'android',13,5,1,1600,720),('poco','Poco C50',6499,7.5,0,'helio',4,2,5000,1,10,2,32,6.52,60,2,'android',8,5,1,1600,720),('poco','Poco C50 (3GB RAM + 32GB)',7299,6.1,0,'helio',4,2,5000,1,10,3,32,6.52,60,2,'android',8,5,1,1600,720),('poco','Poco C55',7999,7,0,'helio',8,2,5000,0,25,4,64,6.71,60,2,'android',50,5,1,1650,720),('poco','Poco F3 GT',32999,7.9,1,'dimensity',8,3,5065,1,67,6,128,6.67,120,3,'android',64,16,0,2400,1080),('poco','Poco F4 (12GB RAM + 256GB)',29999,8.6,1,'snapdragon',8,3.2,4500,1,67,12,256,6.67,120,3,'android',64,20,0,2400,1080),('poco','Poco F4 5G',25999,8.2,1,'snapdragon',8,3.2,4500,1,67,6,128,6.67,120,3,'android',64,20,0,2400,1080),('poco','Poco F4 5G (8GB RAM + 128GB)',27999,8.5,1,'snapdragon',8,3.2,4500,1,67,8,128,6.67,120,3,'android',64,20,0,2400,1080),('poco','POCO F4 GT 5G',39999,8.6,1,'snapdragon',8,3,4700,1,120,8,128,6.67,120,3,'android',64,20,0,2400,1080),('poco','Poco F5',34990,8.5,1,'snapdragon',8,3.2,4700,1,67,8,128,6.7,120,3,'android',64,32,0,2400,1080),('poco','POCO F5 GT 5G',42999,8.6,1,'dimensity',8,3,4500,1,150,8,128,6.67,120,3,'android',64,20,0,2412,1080),('poco','Poco F5 Pro',29999,8.4,1,'snapdragon',8,3.2,5500,1,67,8,128,6.67,120,3,'android',64,16,0,3200,1440),('poco','Poco M2',10890,7.4,0,'helio',8,2,5000,1,18,6,64,6.53,60,4,'android',13,8,1,2340,1080),('poco','POCO M2 Pro',12799,7.6,0,'snapdragon',8,2.3,5000,1,33,4,64,6.67,60,4,'android',48,16,1,2400,1080),('poco','Poco M3',11499,7.5,0,'snapdragon',8,2,6000,1,18,6,64,6.53,60,3,'android',48,8,1,2340,1080),('poco','POCO M3 Pro 5G',15999,7.5,1,'dimensity',8,2.2,5000,1,18,4,64,6.5,90,3,'android',48,8,1,2400,1080),('poco','POCO M3 Pro 5G (6GB RAM + 128GB)',14799,7.9,1,'dimensity',8,2.2,5000,1,18,6,128,6.5,90,3,'android',48,8,1,2400,1080),('poco','Poco M4 5G',11499,7.5,1,'dimensity',8,2.2,5000,1,18,4,64,6.58,90,2,'android',50,8,1,2400,1080),('poco','Poco M4 5G (6GB RAM + 128GB)',13499,7.9,1,'dimensity',8,2.2,5000,1,18,6,128,6.58,90,2,'android',50,8,1,2400,1080),('poco','POCO M4 Pro 4G',11999,7.7,0,'helio',8,2.05,5000,1,33,6,64,6.43,90,3,'android',64,16,1,2400,1080),('poco','POCO M4 Pro 4G (6GB RAM + 128GB)',12999,7.9,0,'helio',8,2.05,5000,1,33,6,128,6.43,90,3,'android',64,16,1,2400,1080),('poco','POCO M4 Pro 4G (8GB RAM + 128GB)',13999,8.1,0,'helio',8,2.05,5000,1,33,8,128,6.43,90,3,'android',64,16,1,2400,1080),('poco','Poco M4 Pro 5G',12999,7.6,1,'dimensity',8,2.4,5000,1,33,4,64,6.6,90,2,'android',50,16,1,2400,1080),('poco','Poco M4 Pro 5G (6GB RAM + 128GB)',14999,8.1,1,'dimensity',8,2.4,5000,1,33,6,128,6.6,90,2,'android',50,16,1,2400,1080),('poco','Poco M4 Pro 5G (8GB RAM + 128GB)',15999,8.2,1,'dimensity',8,2.4,5000,1,33,8,128,6.6,90,2,'android',50,16,1,2400,1080),('poco','Poco M5',10799,7.4,0,'helio',8,2.2,5000,1,18,4,64,6.58,90,3,'android',50,8,1,2400,1080),('poco','Poco M5 (6GB RAM + 128GB)',14499,7.7,0,'helio',8,2.2,5000,1,18,6,128,6.58,90,3,'android',50,8,1,2400,1080),('poco','Poco M6 Pro',19990,8.4,1,'dimensity',8,2.5,5100,1,120,8,128,6.73,120,3,'android',108,32,1,2400,1080),('poco','Poco X3',13499,8,0,'snapdragon',8,2.3,6000,1,33,6,64,6.67,120,4,'android',64,20,1,2400,1080),('poco','Poco X3 Pro',19650,8.2,0,'snapdragon',8,2.96,5160,1,33,6,128,6.67,120,4,'android',48,20,1,2400,1080),('poco','Poco X4',14990,7.9,1,'dimensity',8,2.2,5000,1,67,6,128,6.67,120,3,'android',50,16,1,2400,1080),('poco','POCO X4 GT 5G',24990,8.4,1,'dimensity',8,2.85,5080,1,67,8,128,6.6,144,3,'android',64,16,0,2460,1080),('poco','POCO X4 GT 5G (8GB RAM + 256GB)',28990,8.5,1,'dimensity',8,2.85,5080,1,67,8,256,6.6,144,3,'android',64,16,0,2460,1080),('poco','Poco X4 Pro 5G',14999,8,1,'snapdragon',8,2.2,5000,1,67,6,64,6.67,120,3,'android',64,16,1,2400,1080),('poco','Poco X4 Pro 5G (6GB RAM + 128GB)',16499,8.2,1,'snapdragon',8,2.2,5000,1,67,6,128,6.67,120,3,'android',64,16,1,2400,1080),('poco','Poco X4 Pro 5G (8GB RAM + 128GB)',17999,8.4,1,'snapdragon',8,2.2,5000,1,67,8,128,6.67,120,3,'android',64,16,1,2400,1080),('poco','Poco X5',14999,7.4,1,'snapdragon',8,2.2,5000,1,33,4,128,6.67,120,3,'android',48,8,0,2400,1080),('poco','POCO X5 GT',29990,8.4,1,'dimensity',8,3.2,5000,1,80,8,128,6.7,144,3,'android',64,32,0,2400,1080),('poco','Poco X5 Pro',20999,8.1,1,'snapdragon',8,2.4,5000,1,67,6,128,6.67,120,3,'android',108,16,0,2400,1080),('poco','Poco X6 Pro 5G',19999,7.2,1,'snapdragon',8,2.5,5000,1,25,6,128,6.67,120,4,'android',64,32,1,2400,1080),('realme','Realme 10',13999,7.4,0,'helio',8,2.2,5000,1,33,4,64,6.4,90,2,'android',50,16,1,2400,1080),('realme','Realme 10 (8GB RAM + 128GB)',16999,7.9,0,'helio',8,2.2,5000,1,33,8,128,6.4,90,2,'android',50,16,1,2400,1080),('realme','Realme 10 5G',14499,7.9,1,'dimensity',8,2.2,5000,1,33,8,128,6.6,90,3,'android',50,8,1,2408,1080),('realme','Realme 10 Pro',18999,8.2,1,'snapdragon',8,2.2,5000,1,33,6,128,6.72,120,2,'android',108,16,1,2400,1080),('realme','Realme 10 Pro (8GB RAM + 128GB)',19999,8.4,1,'snapdragon',8,2.2,5000,1,33,8,128,6.72,120,2,'android',108,16,1,2400,1080),('realme','Realme 10 Pro Plus',24999,8.2,1,'dimensity',8,2.6,5000,1,67,6,128,6.7,120,3,'android',108,16,0,2412,1080),('realme','Realme 10 Pro Plus (8GB RAM + 256GB)',27999,8.5,1,'dimensity',8,2.6,5000,1,67,8,256,6.7,120,3,'android',108,16,0,2412,1080),('realme','Realme 10s',12999,8,1,'dimensity',8,2.4,5000,1,33,8,128,6.6,90,2,'android',50,8,1,2408,1080),('realme','Realme 11 Pro',28999,8.2,1,'snapdragon',8,3,5000,1,65,6,128,6.4,120,3,'android',64,32,1,2400,1080),('realme','Realme 11 Pro Plus',24999,7.8,1,'dimensity',8,2.2,4200,1,66,6,128,6.4,90,3,'android',50,16,0,2400,1080),('realme','Realme 6 (6GB RAM + 64GB)',12989,7.7,0,'helio',8,2.05,4300,1,30,6,64,6.5,90,4,'android',64,16,1,2400,1080),('realme','Realme 6 Pro',14490,8,0,'snapdragon',8,2.3,4300,1,30,6,64,6.6,90,4,'android',64,16,1,2400,1080),('realme','Realme 7 Pro (8GB RAM + 128GB)',21999,8.5,0,'snapdragon',8,2.3,4500,1,65,8,128,6.4,60,4,'android',64,32,1,2400,1080),('realme','Realme 8',15999,7.8,0,'helio',8,2,5000,1,30,4,128,6.4,60,4,'android',64,16,1,2400,1080),('realme','Realme 8 (8GB RAM + 128GB)',17999,8.3,0,'helio',8,2,5000,1,30,8,128,6.4,60,4,'android',64,16,1,2400,1080),('realme','Realme 8 5G',16499,7.5,1,'dimensity',8,2.2,5000,1,18,4,128,6.5,90,3,'android',48,16,1,2400,1080),('realme','Realme 8 5G (8GB RAM + 128GB)',18499,8,1,'dimensity',8,2.2,5000,1,18,8,128,6.5,90,3,'android',48,16,1,2400,1080),('realme','Realme 8i',12499,7.4,0,'helio',8,2.05,5000,1,18,4,64,6.6,120,3,'android',50,16,1,2412,1080),('realme','Realme 8i (6GB RAM + 128GB)',13999,7.7,0,'helio',8,2.05,5000,1,18,6,128,6.6,120,3,'android',50,16,1,2412,1080),('realme','Realme 8s 5G',17999,8,1,'dimensity',8,2.4,5000,1,33,6,128,6.5,90,3,'android',64,16,1,2400,1080),('realme','Realme 8s 5G (8GB RAM + 128GB)',17499,8.2,1,'dimensity',8,2.4,5000,1,33,8,128,6.5,90,3,'android',64,16,1,2400,1080),('realme','Realme 9 4G',14999,8.1,0,'snapdragon',8,2.4,5000,1,33,6,128,6.4,90,3,'android',108,16,1,2400,1080),('realme','Realme 9 4G (8GB RAM + 128GB)',15999,8.4,0,'snapdragon',8,2.4,5000,1,33,8,128,6.4,90,3,'android',108,16,1,2400,1080),('realme','Realme 9 5G',13999,7.5,1,'dimensity',8,2.4,5000,1,18,4,64,6.5,90,3,'android',48,16,1,2400,1080),('realme','Realme 9 5G (6GB RAM + 128GB)',15499,7.9,1,'dimensity',8,2.4,5000,1,18,6,128,6.5,90,3,'android',48,16,1,2400,1080),('realme','Realme 9 5G SE',18999,8,1,'snapdragon',8,2.4,5000,1,30,6,128,6.6,144,3,'android',48,16,1,2412,1080),('realme','Realme 9 5G SE (8GB RAM + 128GB)',22998,8.2,1,'snapdragon',8,2.4,5000,1,30,8,128,6.6,144,3,'android',48,16,1,2412,1080),('realme','Realme 9 Pro 5G',18999,8,1,'snapdragon',8,2.2,5000,1,33,6,128,6.6,120,3,'android',64,16,1,2412,1080),('realme','Realme 9 Pro 5G (8GB RAM + 128GB)',20999,8.2,1,'snapdragon',8,2.2,5000,1,33,8,128,6.6,120,3,'android',64,16,1,2412,1080),('realme','Realme 9 Pro Plus 5G',25900,7.8,1,'dimensity',8,2.5,4500,1,60,6,128,6.4,90,3,'android',50,16,0,2400,1080),('realme','Realme 9 Pro Plus 5G (8GB RAM + 128GB)',22994,8.1,1,'dimensity',8,2.5,4500,1,60,8,128,6.4,90,3,'android',50,16,0,2400,1080),('realme','Realme 9 Pro Plus 5G (8GB RAM + 256GB)',24494,8.2,1,'dimensity',8,2.5,4500,1,60,8,256,6.4,90,3,'android',50,16,0,2400,1080),('realme','Realme 9i',12499,7.5,0,'snapdragon',8,2.4,5000,1,33,4,64,6.6,90,3,'android',50,16,1,2412,1080),('realme','Realme 9i (4GB RAM + 128GB)',13999,7.5,0,'snapdragon',8,2.4,5000,1,33,4,128,6.6,90,3,'android',50,16,1,2412,1080),('realme','Realme 9i (6GB RAM + 128GB)',14999,7.8,0,'snapdragon',8,2.4,5000,1,33,6,128,6.6,90,3,'android',50,16,1,2412,1080),('realme','Realme 9i 5G',14965,7.5,1,'dimensity',8,2.4,5000,1,18,4,64,6.6,90,3,'android',50,8,1,2408,1080),('realme','Realme 9i 5G (6GB RAM + 128GB)',16999,7.8,1,'dimensity',8,2.4,5000,1,18,6,128,6.6,90,3,'android',50,8,1,2408,1080),('realme','Realme A1',8999,7.5,0,'helio',8,2.1,4000,0,25,2,16,6.2,60,2,'android',13,8,1,1520,720),('realme','Realme C11',6490,6.1,0,'helio',8,2.3,5000,0,25,2,32,6.5,60,2,'android',13,5,1,1600,720),('realme','Realme C11 2021',6499,6.1,0,'sc9863a',8,1.6,5000,0,25,2,32,6.52,60,1,'android',8,5,1,1600,720),('realme','Realme C11 2021 (4GB RAM + 64GB)',7749,6.1,0,'sc9863a',8,1.6,5000,0,25,4,64,6.52,60,1,'android',8,5,1,1600,720),('realme','Realme C2',6999,7.5,0,'helio',8,2,4000,0,25,2,16,6.1,60,2,'android',13,5,1,720,1560),('realme','Realme C21Y',6999,6.2,0,'unisoc',8,1.8,5000,0,25,3,32,6.5,60,3,'android',13,5,1,1600,720),('realme','Realme C25Y (4GB RAM + 64GB)',8999,6.9,0,'tiger',8,1.8,5000,1,18,4,64,6.5,60,3,'android',50,8,1,720,1600),('realme','Realme C2s',3499,6.3,0,'helio',8,2,4000,0,25,3,32,6.1,60,2,'android',13,5,1,1560,720),('realme','Realme C30',5299,7.5,0,'tiger',8,1.82,5000,0,25,2,32,6.5,60,1,'android',8,5,1,1600,720),('realme','Realme C30 (3GB RAM + 32GB)',6299,6,0,'tiger',8,1.82,5000,0,25,3,32,6.5,60,1,'android',8,5,1,1600,720),('realme','Realme C30s',7145,7.5,0,'unisoc',8,1.6,5000,1,10,2,32,6.5,60,1,'android',8,5,1,1600,720),('realme','Realme C30s (4GB RAM + 64GB)',8990,6.2,0,'unisoc',8,1.6,5000,1,10,4,64,6.5,60,1,'android',8,5,1,1600,720),('realme','Realme C31',8299,6.2,0,'tiger',8,1.82,5000,0,25,3,32,6.52,60,3,'android',13,5,1,1600,720),('realme','Realme C31 (4GB RAM + 64GB)',8999,6.5,0,'tiger',8,1.82,5000,0,25,4,64,6.52,60,3,'android',13,5,1,1600,720),('realme','Realme C32',9499,6.5,0,'tiger',8,1.82,5000,0,25,4,64,6.52,60,3,'android',13,5,1,1600,720),('realme','Realme C33',8950,6.4,0,'unisoc',8,1.8,5000,0,25,3,32,6.5,60,2,'android',50,5,1,1600,720),('realme','Realme C33 (4GB RAM + 64GB)',9999,6.7,0,'unisoc',8,1.8,5000,0,25,4,64,6.5,60,2,'android',50,5,1,1600,720),('realme','Realme C35',11828,7,0,'tiger',8,1.8,5000,1,18,4,64,6.6,60,3,'android',50,8,1,2408,1080),('realme','Realme C35 (4GB RAM + 128GB)',12787,7.1,0,'tiger',8,1.8,5000,1,18,4,128,6.6,90,3,'android',50,8,1,2408,1080),('realme','Realme C35 (6GB RAM + 128GB)',13999,7.4,0,'tiger',8,1.8,5000,1,18,6,128,6.6,90,3,'android',50,8,1,2408,1080),('realme','Realme G1',7999,6.4,0,'helio',8,2.3,6000,0,25,3,32,6.52,60,3,'android',13,5,1,1600,720),('realme','Realme GT 2 5G',28994,8.4,1,'snapdragon',8,2.84,5000,1,65,8,128,6.62,120,3,'android',50,16,0,2400,1080),('realme','Realme GT 2 Explorer Master Edition',40990,8.6,1,'snapdragon',8,3.2,5000,1,100,8,128,6.7,120,3,'android',50,16,0,2412,1080),('realme','Realme GT 2 Pro 5G',49959,8.9,1,'snapdragon',8,3,5000,1,65,8,128,6.7,120,3,'android',50,32,0,3216,1440),('realme','Realme GT 2 Pro 5G (12GB RAM + 256GB)',46999,8.9,1,'snapdragon',8,3,5000,1,65,12,256,6.7,120,3,'android',50,32,0,3216,1440),('realme','Realme GT 5G',30994,8.5,1,'snapdragon',8,2.84,4500,1,65,8,128,6.43,120,3,'android',64,16,0,2400,1080),('realme','Realme GT Explorer Master Edition',32990,8.5,1,'snapdragon',8,3.2,4500,1,65,8,128,6.55,120,3,'android',50,32,0,2400,1080),('realme','Realme GT Master Edition 5G',27999,8.4,1,'snapdragon',8,2.4,4300,1,65,8,128,6.43,120,3,'android',64,32,0,2400,1080),('realme','Realme GT Neo 3 5G',31994,8.3,1,'dimensity',8,2.85,5000,1,80,8,128,6.7,120,3,'android',50,16,0,2412,1080),('realme','Realme GT Neo 3T',24999,7.9,1,'snapdragon',8,3.2,5000,1,80,6,128,6.62,120,3,'android',64,16,0,2400,1080),('realme','Realme GT Neo 3T (8GB RAM + 128GB)',26499,8.1,1,'snapdragon',8,3.2,5000,1,80,8,128,6.62,120,3,'android',64,16,0,2400,1080),('realme','Realme GT Neo 3T (8GB RAM + 256GB)',28499,8.2,1,'snapdragon',8,3.2,5000,1,80,8,256,6.62,120,3,'android',64,16,0,2400,1080),('realme','Realme GT Neo 4T',29999,8,1,'snapdragon',8,3,5000,1,120,8,128,6.73,144,3,'android',50,16,0,2400,1080),('realme','Realme GT Neo 5',34999,8.3,1,'snapdragon',8,3.2,4600,1,240,8,128,6.7,120,3,'android',50,16,0,2412,1080),('realme','Realme GT Neo2 5G',31999,8.2,1,'snapdragon',8,3.2,5000,1,65,8,128,6.62,120,3,'android',64,16,0,1080,2400),('realme','Realme Narzo 20',10499,7.2,0,'helio',8,2,6000,1,18,4,64,6.5,60,3,'android',48,8,1,1600,720),('realme','Realme Narzo 30 5G',16999,8,1,'dimensity',8,2.2,5000,1,18,6,128,6.5,90,3,'android',48,16,1,2400,1080),('realme','Realme Narzo 30 Pro 5G (8GB RAM +128GB)',19999,8.3,1,'dimensity',8,2.4,5000,1,30,8,128,6.5,120,3,'android',48,16,1,2400,1080),('realme','Realme Narzo 50',10999,7.4,0,'helio',8,2,5000,1,33,4,64,6.6,120,3,'android',50,16,1,2412,1080),('realme','Realme Narzo 50 (6GB RAM + 128GB)',15499,7.7,0,'helio',8,2,5000,1,33,6,128,6.6,120,3,'android',50,16,1,2412,1080),('realme','Realme Narzo 50 5G',17999,7.9,1,'dimensity',8,2.4,5000,1,33,6,128,6.6,90,3,'android',48,16,1,2400,1080),('realme','Realme Narzo 50 5G (4GB RAM + 128GB)',14999,7.6,1,'dimensity',8,2.4,5000,1,33,4,128,6.6,90,3,'android',48,16,1,2400,1080),('realme','Realme Narzo 50 5G (4GB RAM + 64GB)',13499,7.5,1,'dimensity',8,2.4,5000,1,33,4,64,6.6,90,3,'android',48,16,1,2400,1080),('realme','Realme Narzo 50 Pro 5G',20490,8.1,1,'dimensity',8,2.5,5000,1,33,6,128,6.4,90,3,'android',48,16,1,2400,1080),('realme','Realme Narzo 50 Pro 5G (8GB RAM + 128GB)',22999,8.3,1,'dimensity',8,2.5,5000,1,33,8,128,6.4,90,3,'android',48,16,1,2400,1080),('realme','Realme Narzo 50A',11499,7.1,0,'helio',8,2,6000,1,18,4,64,6.5,60,3,'android',50,8,1,1600,720),('realme','Realme Narzo 50A Prime',11399,7.3,0,'tiger',8,1.82,5000,1,18,4,64,6.6,60,3,'android',50,8,1,2408,1080),('realme','Realme Narzo 50A Prime (4GB RAM + 128GB)',11879,7.4,0,'tiger',8,1.82,5000,1,18,4,128,6.6,60,3,'android',50,8,1,2408,1080),('realme','Realme Narzo 50i',6490,7.5,0,'unisoc',8,1.6,5000,0,25,2,32,6.5,60,1,'android',8,5,1,1600,720),('realme','Realme Narzo 50i (4GB RAM + 64GB)',8999,6.2,0,'unisoc',8,1.6,5000,0,25,4,64,6.5,60,1,'android',8,5,1,1600,720),('realme','Realme Narzo 50i Prime',7999,6.1,0,'tiger',8,1.82,5000,1,10,3,32,6.5,60,1,'android',8,5,1,1600,720),('realme','Realme Narzo 50i Prime (4GB RAM + 64GB)',8720,6.4,0,'tiger',8,1.82,5000,1,10,4,64,6.5,60,1,'android',8,5,1,1600,720),('realme','Realme Q2i',9999,6.9,1,'dimensity',8,2,5000,1,18,4,128,6.5,60,3,'android',13,8,0,1600,720),('realme','Realme Q3',14999,8,1,'snapdragon',8,2.2,5000,1,30,6,128,6.5,120,3,'android',48,16,1,2400,1080),('realme','Realme Q3i 5G',10990,7.6,1,'dimensity',8,2.2,5000,1,18,4,128,6.5,60,3,'android',48,16,1,2400,1080),('realme','Realme Q5 5G',14990,7.8,1,'snapdragon',8,2.2,5000,1,60,6,128,6.6,120,3,'android',50,16,1,2412,1080),('realme','Realme X50 Pro 5G (12GB RAM + 256GB)',27999,8.7,1,'snapdragon',8,2.84,4200,1,65,12,256,6.44,90,4,'android',64,32,0,2400,1080),('realme','Realme X50 Pro 5G (8GB RAM + 128GB)',24999,8.5,1,'snapdragon',8,2.84,4200,1,65,8,128,6.44,90,4,'android',64,32,0,2400,1080),('realme','Realme X7 Max',26999,8.4,1,'dimensity',8,3,4500,1,50,8,128,6.43,120,3,'android',64,16,0,2400,1080),('realme','Realme XT',13279,7.5,0,'snapdragon',8,2.3,4000,1,20,4,64,6.4,60,4,'android',64,16,1,2340,1080),('redmi','Redmi 12C',7999,7,0,'helio',8,2,5000,0,25,4,64,6.71,60,2,'android',50,5,1,1650,720),('redmi','Redmi Note 11 Pro 2023',18999,8.1,0,'snapdragon',8,2.3,5000,1,67,6,128,6.67,120,4,'android',108,16,1,2400,1080),('redmi','Redmi Note 12 Pro Speed Edition',19999,8.1,1,'snapdragon',8,2.4,5000,1,67,6,128,6.67,120,3,'android',108,16,0,2400,1080),('royole','Royole FlexPai 2',109999,8.7,1,'snapdragon',8,2.84,4450,0,25,8,128,7.8,60,3,'android',64,32,0,1920,1440),('royole','Royole FlexPai 3 5G',149999,8.7,1,'snapdragon',8,2.84,3360,0,25,8,128,7.2,60,3,'android',64,32,0,1920,1440),('samsung','Samsung Galaxy A01 Core',4999,7.5,0,'mediatek',4,1.5,3000,0,25,1,16,5.3,60,1,'android',8,5,1,1480,720),('samsung','Samsung Galaxy A03',7249,6.6,0,'unisoc',8,1.6,5000,1,15,3,32,6.5,60,2,'android',48,5,1,1560,720),('samsung','Samsung Galaxy A03 (4GB RAM + 64GB)',11499,6.9,0,'unisoc',8,1.6,5000,1,15,4,64,6.5,60,2,'android',48,5,1,1560,720),('samsung','Samsung Galaxy A03 Core',6499,7.5,0,'unisoc',4,1.6,5000,0,25,2,32,6.5,60,1,'android',8,5,1,1600,720),('samsung','Samsung Galaxy A03s',8499,6.7,0,'helio',8,2.3,5000,1,15,3,32,6.5,60,3,'android',13,5,1,1600,720),('samsung','Samsung Galaxy A04',11999,7.1,0,'helio',8,2.3,5000,1,25,4,64,6.5,60,2,'android',50,5,1,1600,720),('samsung','Samsung Galaxy A04 (4GB RAM + 128GB)',12999,7.2,0,'helio',8,2.3,5000,1,25,4,128,6.5,60,2,'android',50,5,1,1600,720),('samsung','Samsung Galaxy A04e',9299,6.5,0,'helio',8,2.3,5000,0,25,3,32,6.5,60,2,'android',13,5,1,1600,720),('samsung','Samsung Galaxy A04e (3GB RAM + 64GB)',9950,6.6,0,'helio',8,2.3,5000,0,25,3,64,6.5,60,2,'android',13,5,1,1600,720),('samsung','Samsung Galaxy A04e (4GB RAM + 128GB)',11499,6.9,0,'helio',8,2.3,5000,0,25,4,128,6.5,60,2,'android',13,5,1,1600,720),('samsung','Samsung Galaxy A04s',12990,7.1,0,'exynos',8,2,5000,1,15,4,64,6.5,90,3,'android',50,5,1,1600,720),('samsung','Samsung Galaxy A04s (4GB RAM + 128GB)',14499,7.2,0,'exynos',8,2,5000,1,15,4,128,6.5,90,3,'android',50,5,1,1600,720),('samsung','Samsung Galaxy A05',12990,6.3,0,'snapdragon',8,2.5,5000,1,18,4,64,6.5,60,2,'android',48,5,1,1560,720),('samsung','Samsung Galaxy A11',9990,6.3,0,'snapdragon',8,1.8,4000,1,15,2,32,6.4,60,3,'android',13,8,1,1560,720),('samsung','Samsung Galaxy A12',11999,7.1,0,'helio',8,2.3,5000,1,15,4,64,6.5,60,4,'android',48,8,1,1560,720),('samsung','Samsung Galaxy A12 (6GB RAM + 128GB)',13999,7.5,0,'helio',8,2.3,5000,1,15,6,128,6.5,60,4,'android',48,8,1,1560,720),('samsung','Samsung Galaxy A13',14450,7.5,0,'snapdragon',8,2,5000,1,25,4,64,6.6,60,4,'android',50,8,1,2408,1080),('samsung','Samsung Galaxy A13 (4GB RAM + 128GB)',14999,7.5,0,'snapdragon',8,2,5000,1,25,4,128,6.6,60,4,'android',50,8,1,2408,1080),('samsung','Samsung Galaxy A13 (6GB RAM + 128GB)',16499,7.8,0,'snapdragon',8,2,5000,1,25,6,128,6.6,60,4,'android',50,8,1,2408,1080),('samsung','Samsung Galaxy A13 5G',17990,7.3,1,'dimensity',8,2.2,5000,1,15,4,64,6.5,90,3,'android',50,5,1,1600,720),('samsung','Samsung Galaxy A14 5G',16499,7.5,1,'exynos',8,2.4,5000,1,15,4,64,6.6,90,3,'android',50,13,1,2408,1080),('samsung','Samsung Galaxy A14 5G (6GB RAM + 128GB)',18999,7.9,1,'exynos',8,2.4,5000,1,15,6,128,6.6,90,3,'android',50,13,1,2408,1080),('samsung','Samsung Galaxy A14 5G (8GB RAM + 128GB)',20999,8.2,1,'exynos',8,2.4,5000,1,15,8,128,6.6,90,3,'android',50,13,1,2408,1080),('samsung','Samsung Galaxy A15',15990,6.3,0,'snapdragon',8,2.5,5000,1,25,6,64,6.5,60,3,'android',48,8,1,1600,720),('samsung','Samsung Galaxy A21s (6GB RAM + 128GB)',17499,7.5,0,'exynos',8,2,5000,0,25,6,128,6.5,60,4,'android',48,13,1,1600,720),('samsung','Samsung Galaxy A22',18499,7.6,0,'helio',8,2,5000,1,15,6,128,6.4,60,4,'android',48,13,1,1600,720),('samsung','Samsung Galaxy A22 5G',17990,7.9,1,'dimensity',8,2.2,5000,1,15,6,128,6.6,90,3,'android',48,8,1,2408,1080),('samsung','Samsung Galaxy A23',18499,7.9,0,'snapdragon',8,2.4,5000,1,25,6,128,6.6,60,4,'android',50,8,1,2408,1080),('samsung','Samsung Galaxy A23 (8GB RAM + 128GB)',19990,8.2,0,'snapdragon',8,2.4,5000,1,25,8,128,6.6,60,4,'android',50,8,1,2408,1080),('samsung','Samsung Galaxy A23 5G',22999,7.9,1,'snapdragon',8,2.2,5000,1,25,6,128,6.6,120,4,'android',50,8,1,2408,1080),('samsung','Samsung Galaxy A23 5G (8GB RAM + 128GB)',24999,8.1,1,'snapdragon',8,2.2,5000,1,25,8,128,6.6,120,4,'android',50,8,1,2408,1080),('samsung','Samsung Galaxy A24',17999,7.7,0,'exynos',8,1.8,4000,1,15,6,64,6.4,60,3,'android',48,16,1,2408,1080),('samsung','Samsung Galaxy A32',16499,8,0,'helio',8,2,5000,1,15,6,128,6.4,90,4,'android',64,20,1,2400,1080),('samsung','Samsung Galaxy A32 (8GB RAM + 128GB)',16499,8.2,0,'helio',8,2,5000,1,15,8,128,6.4,90,4,'android',64,20,1,2400,1080),('samsung','Samsung Galaxy A32 5G',24499,7.9,1,'dimensity',8,2,5000,1,15,6,128,6.5,90,4,'android',48,13,1,1600,720),('samsung','Samsung Galaxy A33 5G',25999,8.2,1,'exynos',8,2.4,5000,1,25,6,128,6.4,90,4,'android',48,13,1,2400,1080),('samsung','Samsung Galaxy A33 5G (8GB RAM + 128GB)',27499,8.5,1,'exynos',8,2.4,5000,1,25,8,128,6.4,90,4,'android',48,13,1,2400,1080),('samsung','Samsung Galaxy A34 5G',24999,7.5,1,'exynos',8,2.5,5000,1,33,6,128,6.5,90,4,'android',48,13,1,2400,1080),('samsung','Samsung Galaxy A40',17990,6.9,0,'exynos',8,2.2,3100,1,15,4,64,5.9,60,2,'android',16,25,1,2340,1080),('samsung','Samsung Galaxy A50s',15990,8,0,'exynos',8,2.3,4000,1,15,4,128,6.4,60,3,'android',48,32,1,2340,1080),('samsung','Samsung Galaxy A52',24990,8.3,0,'snapdragon',8,2.3,4500,1,25,6,128,6.5,90,4,'android',64,32,1,2400,1080),('samsung','Samsung Galaxy A52 (8GB RAM + 128GB)',22494,8.6,0,'snapdragon',8,2.3,4500,1,25,8,128,6.5,90,4,'android',64,32,1,2400,1080),('samsung','Samsung Galaxy A53 (8GB RAM + 256GB)',36499,8.9,1,'exynos',8,2.4,5000,1,25,8,256,6.5,120,4,'android',64,32,1,2400,1080),('samsung','Samsung Galaxy A53 5G',31999,8.7,1,'exynos',8,2.4,5000,1,25,6,128,6.5,120,4,'android',64,32,1,2400,1080),('samsung','Samsung Galaxy A53 5G (8GB RAM + 128GB)',33499,8.9,1,'exynos',8,2.4,5000,1,25,8,128,6.5,120,4,'android',64,32,1,2400,1080),('samsung','Samsung Galaxy A54 5G',34999,7.6,1,'exynos',8,2.5,5000,1,25,6,128,6.4,120,3,'android',50,32,1,2400,1080),('samsung','Samsung Galaxy A7 (2018)',21490,7,0,'exynos',8,2.2,3300,0,25,4,64,6,60,3,'android',24,24,1,1080,2220),('samsung','Samsung Galaxy A71',22494,8.6,0,'snapdragon',8,2.2,4500,1,25,8,128,6.7,60,4,'android',64,32,1,2400,1080),('samsung','Samsung Galaxy A73 5G',41999,7.5,1,'snapdragon',8,2.4,5000,1,25,8,128,6.7,120,4,'android',108,32,1,2400,1080),('samsung','Samsung Galaxy A73 5G (8GB RAM + 256GB)',41990,7.5,1,'snapdragon',8,2.4,5000,1,25,8,256,6.7,120,4,'android',108,32,1,2400,1080),('samsung','Samsung Galaxy A74 5G',42999,7.5,1,'snapdragon',8,2.36,5000,1,33,8,128,6.7,120,4,'android',108,32,1,2412,1080),('samsung','Samsung Galaxy A75 5G',44999,8.3,1,'snapdragon',8,2.5,5000,1,67,8,128,6.7,120,4,'android',108,32,1,2412,1080),('samsung','Samsung Galaxy A82 5G',39990,8.6,1,'snapdragon',8,2.96,4500,1,25,6,128,6.71,120,3,'android',64,10,1,3200,1440),('samsung','Samsung Galaxy A83 5G',39990,8.6,1,'snapdragon',8,3.2,4500,1,25,6,128,6.71,120,3,'android',64,10,1,3200,1440),('samsung','Samsung Galaxy A9 Pro (2019)',39990,7.8,0,'snapdragon',8,2.2,3400,1,25,6,128,6.4,60,3,'android',24,24,1,2340,1080),('samsung','Samsung Galaxy A92 5G',47990,8,1,'dimensity',8,3,5000,1,25,8,128,6.7,60,3,'android',48,16,0,2400,1080),('samsung','Samsung Galaxy F04',8499,6.8,0,'helio',8,2.3,5000,1,15,4,64,6.5,60,2,'android',13,5,1,1600,720),('samsung','Samsung Galaxy F12',10499,7.3,0,'exynos',8,2,6000,1,15,4,64,6.5,90,4,'android',48,8,1,1600,720),('samsung','Samsung Galaxy F13',10999,7.4,0,'exynos',8,2,6000,1,15,4,64,6.6,60,3,'android',50,8,1,1080,2408),('samsung','Samsung Galaxy F13 (4GB RAM + 128GB)',11999,7.5,0,'exynos',8,2,6000,1,15,4,128,6.6,60,3,'android',50,8,1,1080,2408),('samsung','Samsung Galaxy F14',14990,6.7,0,'snapdragon',8,2.5,5000,1,25,4,64,6.62,60,3,'android',50,16,1,1080,2408),('samsung','Samsung Galaxy F22',11499,7.3,0,'helio',8,2,6000,0,25,4,64,6.4,90,4,'android',48,13,1,1600,720),('samsung','Samsung Galaxy F22 (6GB RAM + 128GB)',13499,7.6,0,'helio',8,2,6000,0,25,6,128,6.4,90,4,'android',48,13,1,1600,720),('samsung','Samsung Galaxy F23 5G',15999,7.8,1,'snapdragon',8,2.2,5000,1,25,4,128,6.6,120,3,'android',50,8,1,2408,1080),('samsung','Samsung Galaxy F23 5G (6GB RAM + 128GB)',16999,8,1,'snapdragon',8,2.2,5000,1,25,6,128,6.6,120,3,'android',50,8,1,2408,1080),('samsung','Samsung Galaxy F24 5G',14999,7.8,1,'snapdragon',8,2.2,5000,1,25,4,128,6.6,120,3,'android',50,8,1,2408,1080),('samsung','Samsung Galaxy F41 (6GB RAM + 128GB)',19999,8.2,0,'exynos',8,2.3,6000,1,15,6,128,6.4,60,3,'android',64,32,1,2340,1080),('samsung','Samsung Galaxy F42 5G',15490,8,1,'dimensity',8,2.2,5000,1,15,6,128,6.6,90,3,'android',64,8,1,2408,1080),('samsung','Samsung Galaxy F42 5G (8GB RAM + 128GB)',22999,8.2,1,'dimensity',8,2.2,5000,1,15,8,128,6.6,90,3,'android',64,8,1,2408,1080),('samsung','Samsung Galaxy F63',21999,8.4,1,'dimensity',8,2,7000,1,33,6,128,6.7,60,4,'android',64,32,1,2400,1080),('samsung','Samsung Galaxy M04',8499,6.6,0,'helio',8,2.3,5000,1,15,4,64,6.5,60,2,'android',13,5,1,1600,720),('samsung','Samsung Galaxy M04 (4GB RAM + 128GB)',9499,6.8,0,'helio',8,2.3,5000,1,15,4,128,6.5,60,2,'android',13,5,1,1600,720),('samsung','Samsung Galaxy M12',10999,7.2,0,'exynos',8,2,6000,1,15,4,64,6.5,90,4,'android',48,8,1,1600,720),('samsung','Samsung Galaxy M13',12999,7.5,0,'exynos',8,2,6000,1,15,6,128,6.6,60,3,'android',50,8,1,2400,1080),('samsung','Samsung Galaxy M13 (4GB RAM + 64GB)',10630,7.1,0,'exynos',8,2,6000,1,15,4,64,6.6,60,3,'android',50,8,1,2400,1080),('samsung','Samsung Galaxy M13 5G',13999,7.5,1,'dimensity',8,2.2,5000,1,15,6,128,6.5,90,2,'android',50,5,1,1600,720),('samsung','Samsung Galaxy M13 5G (4GB RAM + 64GB)',12944,7.1,1,'dimensity',8,2.2,5000,1,15,4,64,6.5,90,2,'android',50,5,1,1600,720),('samsung','Samsung Galaxy M14',14999,6,0,'exynos',8,2.5,6000,0,25,4,64,6.5,60,3,'android',48,8,1,1600,720),('samsung','Samsung Galaxy M21 2021',11725,7.6,0,'exynos',8,2.3,6000,1,15,4,64,6.4,60,3,'android',48,20,1,2340,1080),('samsung','Samsung Galaxy M32',12364,7.6,0,'helio',8,2,6000,1,15,4,64,6.4,90,4,'android',64,20,1,2400,1080),('samsung','Samsung Galaxy M32 (6GB RAM + 128GB)',14490,8,0,'helio',8,2,6000,1,15,6,128,6.4,90,4,'android',64,20,1,2400,1080),('samsung','Samsung Galaxy M32 Prime Edition',12120,7.5,0,'helio',8,2,6000,1,15,4,64,6.4,90,4,'android',64,20,1,2400,1080),('samsung','Samsung Galaxy M32 Prime Edition (6GB RAM + 128GB)',14859,7.9,0,'helio',8,2,6000,1,15,6,128,6.4,90,4,'android',64,20,1,2400,1080),('samsung','Samsung Galaxy M33 5G',17478,8.1,1,'exynos',8,2.4,6000,1,25,6,128,6.6,120,4,'android',50,8,1,2400,1080),('samsung','Samsung Galaxy M33 5G (8GB RAM + 128GB)',19499,8.4,1,'exynos',8,2.4,6000,1,25,8,128,6.6,120,4,'android',50,8,1,2400,1080),('samsung','Samsung Galaxy M34 5G',16999,8.4,1,'exynos',8,2.4,6000,1,25,6,128,6.5,120,4,'android',64,32,1,2400,1080),('samsung','Samsung Galaxy M35',22999,7.4,0,'snapdragon',8,2.5,6000,1,25,8,128,6.5,60,3,'android',64,32,1,2400,1080),('samsung','Samsung Galaxy M51s 5G',24990,7.2,1,'snapdragon',8,2.5,6000,1,25,6,128,6.7,60,3,'android',64,32,1,2400,1080),('samsung','Samsung Galaxy M52s 5G',24990,7.4,1,'snapdragon',8,2.5,5000,1,25,8,128,6.5,60,3,'android',64,32,1,2400,1080),('samsung','Samsung Galaxy M53 5G',23790,8.5,1,'dimensity',8,2.4,5000,1,25,6,128,6.7,120,4,'android',108,32,1,2400,1080),('samsung','Samsung Galaxy M53 5G (8GB RAM + 128GB)',25289,8.7,1,'dimensity',8,2.4,5000,1,25,8,128,6.7,120,4,'android',108,32,1,2400,1080),('samsung','Samsung Galaxy M54 5G',34999,8.5,1,'snapdragon',8,2.84,6000,1,25,6,128,6.67,90,3,'android',64,32,1,2412,1080),('samsung','Samsung Galaxy M62',23999,8.3,0,'exynos',8,2.73,7000,1,25,6,128,6.71,60,4,'android',64,32,1,2400,1080),('samsung','Samsung Galaxy Note 10 Lite',39999,8.3,0,'exynos',8,2.7,4500,1,25,6,128,6.7,60,3,'android',12,32,1,2400,1080),('samsung','Samsung Galaxy Note 10 Plus',58999,8.9,0,'exynos',8,2.73,4300,1,45,12,256,6.8,60,4,'android',12,10,1,3040,1440),('samsung','Samsung Galaxy Note 10 Plus 5G',92999,8.9,1,'exynos',8,2.7,4300,1,25,12,256,6.8,60,4,'android',12,10,1,3040,1440),('samsung','Samsung Galaxy Note 20',86000,8.7,0,'exynos',8,2.73,4300,1,25,8,256,6.7,60,3,'android',64,10,0,2400,1080),('samsung','Samsung Galaxy Note 30 Ultra 5G',104999,7.5,1,'snapdragon',8,3.2,4500,1,67,12,256,6.71,120,3,'android',200,10,1,3214,1440),('samsung','Samsung Galaxy S10 5G',78990,8.6,1,'exynos',8,2.7,4500,1,25,8,256,6.7,60,3,'android',16,10,1,3040,1440),('samsung','Samsung Galaxy S10 Plus',42999,8.1,0,'exynos',8,2.7,4100,1,15,8,128,6.4,60,3,'android',16,10,1,3040,1440),('samsung','Samsung Galaxy S20',41999,8.8,0,'exynos',8,2.73,4000,1,25,8,128,6.2,120,3,'android',64,10,1,3200,1440),('samsung','Samsung Galaxy S20 5G',74999,8.9,1,'exynos',8,2.73,4000,1,25,8,128,6.2,60,3,'android',64,10,1,3200,1440),('samsung','Samsung Galaxy S20 FE',35489,8.6,0,'exynos',8,2.73,4500,1,25,8,128,6.5,120,3,'android',12,32,1,2400,1080),('samsung','Samsung Galaxy S20 FE 5G',31239,8.8,1,'snapdragon',8,2.84,4500,1,25,8,128,6.5,120,3,'android',12,32,1,2400,1080),('samsung','Samsung Galaxy S20 Plus',83000,8.8,0,'exynos',8,2.73,4500,1,25,8,128,6.7,120,4,'android',64,10,1,3200,1440),('samsung','Samsung Galaxy S20 Plus 5G',85990,7.5,1,'exynos',8,2.73,4500,1,25,8,128,6.7,60,4,'android',64,10,1,3200,1440),('samsung','Samsung Galaxy S20 Ultra 5G',99999,7.5,1,'exynos',8,2.73,5000,1,45,12,128,6.9,60,4,'android',108,40,1,3200,1440),('samsung','Samsung Galaxy S21',48900,8.8,1,'exynos',8,2.9,4000,1,25,8,128,6.2,120,3,'android',64,10,0,2400,1080),('samsung','Samsung Galaxy S21 FE 5G',39999,8.7,1,'exynos',8,2.9,4500,1,25,8,128,6.4,120,3,'android',12,32,0,2340,1080),('samsung','Samsung Galaxy S21 FE 5G (8GB RAM + 256GB)',43999,8.8,1,'exynos',8,2.9,4500,1,25,8,256,6.4,120,3,'android',12,32,0,2340,1080),('samsung','Samsung Galaxy S21 Plus',59450,8.8,1,'exynos',8,2.9,4800,1,25,8,128,6.7,120,3,'android',64,10,0,2400,1080),('samsung','Samsung Galaxy S21 Ultra',105999,7.5,1,'exynos',8,2.9,5000,1,25,12,256,6.8,120,4,'android',108,40,0,3200,1440),('samsung','Samsung Galaxy S21 Ultra 5G (12GB RAM + 128GB)',101999,7.5,1,'exynos',8,2.9,5000,1,25,12,128,6.8,120,4,'android',108,40,0,3200,1440),('samsung','Samsung Galaxy S22 5G',49999,8.6,1,'snapdragon',8,3,3700,1,25,8,128,6.1,120,3,'android',50,10,0,2340,1080),('samsung','Samsung Galaxy S22 5G (8GB RAM + 256GB)',57999,8.7,1,'snapdragon',8,3,3700,1,25,8,256,6.1,120,3,'android',50,10,0,2340,1080),('samsung','Samsung Galaxy S22 FE 5G',51999,7.9,1,'exynos',8,2.5,4200,1,33,8,128,6.4,120,3,'android',12,32,0,2400,1080),('samsung','Samsung Galaxy S22 Plus 5G',64449,8.7,1,'snapdragon',8,3,4500,1,45,8,128,6.6,120,3,'android',50,10,0,2340,1080),('samsung','Samsung Galaxy S22 Plus 5G (8GB RAM + 256GB)',88999,8.8,1,'snapdragon',8,3,4500,1,45,8,256,6.6,120,3,'android',50,10,0,2340,1080),('samsung','Samsung Galaxy S22 Ultra 5G',91999,7.5,1,'snapdragon',8,3,5000,1,45,12,256,6.8,120,4,'android',108,40,0,3080,1440),('samsung','Samsung Galaxy S22 Ultra 5G (12GB RAM + 512GB)',118999,7.5,1,'snapdragon',8,3,5000,1,45,12,512,6.8,120,4,'android',108,40,0,3080,1440),('samsung','Samsung Galaxy S22 Ultra 5G (8GB RAM + 128GB)',99990,7.5,1,'snapdragon',8,3,5000,1,45,8,128,6.8,120,4,'android',108,40,0,3080,1440),('samsung','Samsung Galaxy S23',70990,8.8,1,'snapdragon',8,3.2,3900,1,25,8,128,6.1,120,3,'android',50,12,0,2340,1080),('samsung','Samsung Galaxy S23 FE 5G',54999,7.7,1,'snapdragon',8,2.5,4500,1,25,8,128,6.5,60,4,'android',64,32,0,2400,1080),('samsung','Samsung Galaxy S23 Plus',84990,8.9,1,'snapdragon',8,3.2,4700,1,45,8,256,6.6,120,3,'android',50,12,0,2340,1080),('samsung','Samsung Galaxy S23 Ultra 5G',114990,7.5,1,'snapdragon',8,3.2,5000,1,45,8,256,6.8,120,4,'android',200,12,0,3088,1440),('samsung','Samsung Galaxy S24 Ultra',119990,8.5,1,'snapdragon',8,2.5,5100,1,45,12,256,6.83,144,4,'android',200,60,0,2860,1200),('samsung','Samsung Galaxy S9 Plus (128GB)',34999,7.8,0,'exynos',8,2.8,3500,1,25,6,128,6.2,60,2,'android',12,8,1,2960,1440),('samsung','Samsung Galaxy Z Flip 3',69999,8.4,1,'snapdragon',8,2.84,3300,1,15,8,128,6.7,120,2,'android',12,10,0,2640,1080),('samsung','Samsung Galaxy Z Flip 4 5G',89999,8.8,1,'snapdragon',8,3.2,3700,1,25,8,128,6.7,120,2,'android',12,10,0,2640,1080),('samsung','Samsung Galaxy Z Fold 3',110999,8.9,1,'snapdragon',8,2.84,4400,1,25,12,256,7.6,120,3,'android',12,10,0,2208,1768),('samsung','Samsung Galaxy Z Fold 4',154998,7.5,1,'snapdragon',8,3.2,4400,1,25,12,256,7.6,120,3,'android',50,10,0,2176,1812),('samsung','Samsung Galaxy Z Fold 4 (12GB RAM + 1TB)',163980,7.5,1,'snapdragon',8,3.2,4400,1,25,12,1024,7.6,120,3,'android',50,10,0,2176,1812),('sharp','Sharp Aquos R5G',59990,8.8,0,'snapdragon',8,2.84,3730,1,25,12,256,6.5,60,3,'android',48,16,1,3168,1440),('sony','Sony Xperia 1 II',69999,8.9,1,'snapdragon',8,2.84,4000,1,21,8,256,6.5,60,4,'android',12,8,1,3840,1644),('sony','Sony Xperia 1 IV (12GB RAM + 512GB)',92980,7.5,1,'snapdragon',8,3,5000,1,30,12,512,6.5,120,4,'android',12,12,1,3840,1644),('sony','Sony Xperia 10 II',27999,7.5,0,'snapdragon',8,2,3600,1,18,4,128,6,90,3,'android',12,8,1,2520,1080),('sony','Sony Xperia 10 III Lite 5G',30990,7.8,1,'snapdragon',8,2,4500,1,30,6,64,6,60,3,'android',12,8,1,2520,1080),('sony','Sony Xperia 5 II',69990,8.6,1,'snapdragon',8,2.84,4000,1,21,8,128,6.1,120,3,'android',12,8,1,2520,1080),('sony','Sony Xperia 5 IV 5G',82199,8.9,1,'snapdragon',8,3,5000,1,30,8,256,6.1,120,3,'android',12,12,1,2520,1080),('sony','Sony Xperia Ace IV',19990,8,0,'snapdragon',8,2,5000,1,33,8,128,6.5,120,2,'android',50,16,1,2400,1080),('sony','Sony Xperia L5 5G',15990,7.3,0,'helio',8,2.3,4000,1,25,4,64,6.2,60,3,'android',13,8,1,1680,720),('sony','Sony Xperia Pro-I',134999,7.5,1,'snapdragon',8,2.84,4500,1,30,12,512,6.5,120,3,'android',12,8,1,3840,1644),('tcl','TCL Ion X',8990,6,0,'helio',8,2,3000,1,10,3,32,6,60,1,'android',13,5,1,1440,720),('tecno','Tecno Camon 18',11499,7.5,0,'helio',8,2,5000,1,18,4,128,6.8,90,3,'android',48,16,0,2460,1080),('tecno','Tecno Camon 19',14746,7.9,0,'helio',8,2,5000,1,18,6,128,6.8,60,3,'android',64,16,1,2460,1080),('tecno','Tecno Camon 19 Neo',14999,7.7,0,'helio',8,2,5000,1,18,6,128,6.8,90,3,'android',48,32,0,2400,1080),('tecno','Tecno Camon 19 Pro',17990,8.1,0,'helio',8,2.05,5000,1,33,8,128,6.8,120,3,'android',64,32,0,2460,1080),('tecno','Tecno Camon 19 Pro 5G',21999,8.2,1,'dimensity',8,2.4,5000,1,33,8,128,6.8,120,3,'android',64,16,0,2460,1080),('tecno','Tecno Camon 19 Pro Mondrian Edition',17999,8.4,0,'helio',8,2.05,5000,1,33,8,128,6.8,120,3,'android',64,32,1,2460,1080),('tecno','Tecno Camon 20 Premier',20999,7.9,1,'dimensity',8,2.2,5000,1,33,6,128,6.83,120,3,'android',50,16,0,2460,1080),('tecno','Tecno Phantom X',25999,8.4,0,'helio',8,2.05,4700,1,33,8,256,6.7,90,3,'android',50,48,0,2340,1080),('tecno','Tecno Phantom X Pro',22999,8.4,0,'helio',8,2.05,5000,1,44,8,256,6.7,120,4,'android',50,48,0,2400,1080),('tecno','Tecno Phantom X2',39999,8.5,1,'dimensity',8,3.05,5160,1,45,8,256,6.8,120,3,'android',64,32,0,2400,1080),('tecno','Tecno Phantom X2 Pro',49999,8.9,1,'dimensity',8,3.05,5160,1,45,12,256,6.8,120,3,'android',50,32,0,2400,1080),('tecno','Tecno Pop 5 Go',6999,7.5,0,'spreadtrum',4,1.3,4000,0,25,1,16,6.1,60,2,'android',5,5,1,1520,720),('tecno','Tecno Pop 6 Pro',6299,7.5,0,'helio',4,2,5000,0,25,2,32,6.56,60,2,'android',8,5,1,1600,720),('tecno','Tecno Pova 2',10999,7.4,0,'helio',8,2,7000,1,18,4,64,6.95,60,4,'android',48,8,1,2460,1080),('tecno','Tecno Pova 3',9999,7.4,0,'helio',8,2,7000,1,33,4,64,6.95,90,3,'android',50,8,1,2460,1080),('tecno','Tecno Pova 3 (6GB RAM + 128GB)',13799,7.7,0,'helio',8,2,7000,1,33,6,128,6.9,90,3,'android',50,8,1,2460,1080),('tecno','Tecno Pova 4',11999,7.3,0,'helio',8,2.2,6000,1,18,8,128,6.82,90,2,'android',50,8,1,1600,720),('tecno','Tecno Pova 4 Pro',15999,7.4,0,'helio',8,2.2,6000,1,45,8,256,6.66,90,2,'android',50,8,1,1600,720),('tecno','Tecno Pova 5G',15499,7.8,1,'dimensity',8,2.4,6000,1,18,8,128,6.9,120,3,'android',50,16,1,2460,1080),('tecno','Tecno Pova Neo 2',13990,6.7,0,'helio',8,2,7000,0,25,6,128,6.82,90,2,'android',16,8,1,1600,720),('tecno','Tecno Pova Neo 5G',15499,7.1,0,'dimensity',8,2.4,6000,1,18,4,128,6.8,120,2,'android',50,8,1,2400,1080),('tecno','Tecno Spark 8 (4GB RAM + 64GB)',8999,6.4,0,'helio',8,1.8,5000,0,25,4,64,6.52,60,2,'android',16,8,1,1600,720),('tecno','Tecno Spark 8 Pro',8799,7.2,0,'helio',8,2,5000,1,33,4,64,6.8,60,3,'android',48,8,1,2460,1080),('tecno','Tecno Spark 8C',7399,6.2,0,'unisoc',8,2,5000,0,25,3,64,6.6,90,2,'android',13,8,1,1612,720),('tecno','Tecno Spark 8C (4GB RAM + 64GB)',8890,6.3,0,'unisoc',8,2,5000,0,25,4,64,6.6,90,2,'android',13,8,1,1612,720),('tecno','Tecno Spark 8T',7999,7,0,'helio',8,2.3,5000,0,25,4,64,6.6,60,2,'android',50,8,1,1600,720),('tecno','Tecno Spark 9',8999,6.9,0,'helio',8,2.3,5000,0,25,6,128,6.6,90,2,'android',13,8,1,1600,720),('tecno','Tecno Spark 9 (3GB RAM + 64GB)',8390,6.3,0,'helio',8,2.3,5000,0,25,3,64,6.6,90,2,'android',13,8,1,1600,720),('tecno','Tecno Spark 9 (4GB RAM + 64GB)',7999,6.5,0,'helio',8,2.3,5000,0,25,4,64,6.6,90,2,'android',13,8,1,1600,720),('tecno','Tecno Spark 9 Pro',9999,7.4,0,'helio',8,2,5000,1,18,4,64,6.6,90,3,'android',48,32,1,2460,1080),('tecno','Tecno Spark 9T',8968,7.2,0,'helio',8,2.3,5000,1,18,4,64,6.6,60,3,'android',50,8,1,2408,1080),('tecno','Tecno Spark Go 2022',6249,6.1,0,'snapdragon',8,2.2,5000,0,25,2,32,6.51,60,2,'android',13,8,1,1600,720),('tecno','Tecno Spark Go 2023',6999,6.2,0,'helio',4,2,5000,1,10,3,32,6.56,60,2,'android',13,5,1,1600,720),('tesla','Tesla Pi Phone',69999,8.3,1,'snapdragon',8,2.5,5000,1,120,16,512,6.73,165,3,'android',50,32,0,2448,1080),('vertu','Vertu Signature Touch',650000,6.2,0,'snapdragon',8,1.5,2275,0,25,2,64,4.7,60,1,'android',13,2,0,1920,1080),('vivo','Vivo S1 Pro',29999,8.2,0,'snapdragon',8,2,4500,1,18,8,128,6.38,60,4,'android',48,32,1,2340,1080),('vivo','Vivo S16',29990,8.5,1,'snapdragon',8,3.2,4600,1,66,8,128,6.78,120,3,'android',64,50,0,2400,1080),('vivo','Vivo S16 Pro',35499,8.6,1,'dimensity',8,3.1,4600,1,66,8,256,6.78,120,3,'android',50,50,0,2400,1080),('vivo','Vivo S17 Pro',49990,7.7,1,'dimensity',8,2.5,5000,1,120,12,256,6.67,120,3,'android',50,32,0,2400,1080),('vivo','Vivo T1 44W',14499,7.7,0,'snapdragon',8,2.4,5000,1,44,4,128,6.44,60,3,'android',50,16,1,2408,1080),('vivo','Vivo T1 44W (6GB RAM + 128GB)',15999,7.9,0,'snapdragon',8,2.4,5000,1,44,6,128,6.44,60,3,'android',50,16,1,2408,1080),('vivo','Vivo T1 44W (8GB RAM + 128GB)',17999,8.2,0,'snapdragon',8,2.4,5000,1,44,8,128,6.44,60,3,'android',50,16,1,2408,1080),('vivo','Vivo T1 5G',15990,7.8,1,'snapdragon',8,2.2,5000,1,18,4,128,6.58,120,3,'android',50,16,1,2408,1080),('vivo','Vivo T1 5G (6GB RAM + 128GB)',16990,8,1,'snapdragon',8,2.2,5000,1,18,6,128,6.58,120,3,'android',50,16,1,2408,1080),('vivo','Vivo T1 5G (8GB RAM + 128GB)',19990,8.3,1,'snapdragon',8,2.2,5000,1,18,8,128,6.58,120,3,'android',50,16,1,2408,1080),('vivo','Vivo T1 Pro',23999,8.1,1,'snapdragon',8,2.4,4700,1,66,6,128,6.44,90,3,'android',64,16,1,2404,1080),('vivo','Vivo T1 Pro 5G (8GB RAM + 128GB)',24999,8.4,1,'snapdragon',8,2.4,4700,1,66,8,128,6.44,90,3,'android',64,16,1,2404,1080),('vivo','Vivo T1x (4GB RAM + 128GB)',12999,7.5,0,'snapdragon',8,2.4,5000,1,18,4,128,6.58,90,2,'android',50,8,1,2408,1080),('vivo','Vivo T1x (6GB RAM + 128GB)',14999,7.7,0,'snapdragon',8,2.4,5000,1,18,6,128,6.58,90,2,'android',50,8,1,2408,1080),('vivo','Vivo T1x 4G',11999,7.4,0,'snapdragon',8,2.4,5000,1,18,4,64,6.58,90,2,'android',50,8,1,2408,1080),('vivo','Vivo T2 5G',24990,8.5,1,'snapdragon',8,3.2,4700,1,80,8,128,6.62,120,3,'android',64,16,1,2400,1080),('vivo','Vivo T2 Pro 5G',29990,7.6,1,'snapdragon',8,2.5,4500,1,67,8,128,6.44,90,3,'android',50,16,1,2408,1080),('vivo','Vivo T2x 5G',18990,8,1,'dimensity',8,3,6000,1,44,8,128,6.58,120,2,'android',50,16,0,2408,1080),('vivo','Vivo T3 Pro',31990,8.6,1,'snapdragon',8,2.7,4700,1,80,8,256,6.67,120,3,'android',64,32,1,2408,1080),('vivo','Vivo U3',9990,7.2,0,'snapdragon',8,2,5000,1,18,4,64,6.53,60,3,'android',16,16,1,2340,1080),('vivo','Vivo U3 (6GB RAM + 64GB)',11990,7.4,0,'snapdragon',8,2,5000,1,18,6,64,6.53,60,3,'android',16,16,1,2340,1080),('vivo','Vivo U3x',8990,7.1,1,'snapdragon',8,2,5000,1,18,6,64,6.58,90,2,'android',13,8,0,2408,1080),('vivo','Vivo V11i',20990,7,0,'helio',8,2,3315,0,25,4,128,6.3,60,2,'android',16,25,1,2280,1080),('vivo','Vivo V15 Pro (8GB RAM +128GB)',25000,7.8,0,'snapdragon',8,2,3700,1,25,8,128,6.39,60,3,'android',48,32,1,2316,1080),('vivo','Vivo V19 (8GB RAM + 256GB)',27990,8.4,0,'snapdragon',8,2.3,4500,1,33,8,256,6.44,60,4,'android',48,32,1,2400,1080),('vivo','Vivo V20',23269,8.5,0,'snapdragon',8,2.3,4000,1,33,8,128,6.44,60,3,'android',64,44,1,2400,1080),('vivo','Vivo V20 Pro',27000,8.4,1,'snapdragon',8,2.4,4000,1,33,8,128,6.44,60,3,'android',64,44,0,2400,1080),('vivo','Vivo V20 SE',19000,8.2,0,'snapdragon',8,2,4100,1,33,8,128,6.44,60,3,'android',48,32,1,2400,1080),('vivo','Vivo V21',24999,8.3,0,'dimensity',8,2.4,4000,1,33,8,128,6.44,90,3,'android',64,44,1,2400,1080),('vivo','Vivo V21 5G',23994,8.5,1,'dimensity',8,2.4,4000,1,33,8,128,6.44,90,3,'android',64,44,1,2400,1080),('vivo','Vivo V21 Pro',32999,8.5,1,'snapdragon',8,2.4,4300,1,33,8,128,6.44,60,4,'android',64,44,0,2400,1080),('vivo','Vivo V21s',29999,8.6,1,'dimensity',8,2.4,4000,1,33,8,128,6.44,90,3,'android',64,44,1,2400,1080),('vivo','Vivo V23 5G',24994,8.3,1,'dimensity',8,2.5,4200,1,44,8,128,6.44,90,3,'android',64,50,0,2400,1080),('vivo','Vivo V23 5G (12GB RAM + 256GB)',27994,8.6,1,'dimensity',8,2.5,4200,1,44,12,256,6.44,90,3,'android',64,50,1,2400,1080),('vivo','Vivo V23 Pro 5G',31994,8.5,1,'dimensity',8,3,4300,1,44,8,128,6.56,90,3,'android',108,50,0,2376,1080),('vivo','Vivo V23 Pro 5G (12GB RAM + 256GB)',36994,8.7,1,'dimensity',8,3,4300,1,44,12,256,6.56,90,3,'android',108,50,0,2376,1080),('vivo','Vivo V23e',26990,8.2,0,'helio',8,2.05,4050,1,44,8,128,6.44,60,3,'android',64,50,0,2400,1080),('vivo','Vivo V23e 5G',21994,8.4,1,'dimensity',8,2.4,4050,1,44,8,128,6.44,60,3,'android',50,44,1,2400,1080),('vivo','Vivo V25 (12GB RAM + 256GB)',31999,8.5,1,'dimensity',8,2,4500,1,44,12,256,6.44,90,3,'android',64,50,1,2408,1080),('vivo','Vivo V25 5G',27999,8.3,1,'dimensity',8,2,4500,1,44,8,128,6.44,90,3,'android',64,50,1,2408,1080),('vivo','Vivo V25 Pro (12GB RAM + 256GB)',39999,8.6,1,'dimensity',8,3,4830,1,66,12,256,6.56,120,3,'android',64,32,0,2376,1080),('vivo','Vivo V25 Pro 5G',35999,8.5,1,'dimensity',8,3,4830,1,66,8,128,6.56,120,3,'android',64,32,0,2376,1080),('vivo','Vivo V25e',19990,8.4,0,'helio',8,2.2,4500,1,44,8,256,6.44,90,3,'android',64,32,1,2400,1080),('vivo','Vivo V26 Pro',42990,8.7,1,'dimensity',8,3.2,4800,1,100,12,256,6.7,120,3,'android',64,32,0,2400,1080),('vivo','Vivo V27',27990,8.3,1,'dimensity',8,2.2,4700,1,67,8,256,6.56,120,3,'android',64,50,1,2400,1080),('vivo','Vivo V27 Pro',43999,8.7,1,'dimensity',8,3.2,5000,1,120,12,256,6.73,144,3,'android',108,32,0,2400,1080),('vivo','Vivo V28',28990,8.4,1,'snapdragon',8,2.2,5000,1,80,8,256,6.7,120,3,'android',108,32,1,2400,1080),('vivo','Vivo V29',32990,8.4,1,'snapdragon',8,2.4,5000,1,80,8,256,6.67,120,3,'android',64,32,1,2400,1080),('vivo','Vivo X Fold 2',119990,7.5,1,'snapdragon',8,3.2,4800,1,66,12,256,8.03,120,3,'android',50,32,0,2160,1916),('vivo','Vivo X Fold 5G',106990,7.5,1,'snapdragon',8,3,4600,1,66,12,256,8.03,120,4,'android',50,16,0,2160,1916),('vivo','Vivo X Fold 5G (12GB RAM + 512GB)',118990,7.5,1,'snapdragon',8,3,4600,1,66,12,512,8.03,120,4,'android',50,16,0,2160,1916),('vivo','Vivo X Fold Plus',113990,7.5,1,'snapdragon',8,3.2,4730,1,80,12,256,8.03,120,4,'android',50,16,0,2160,1916),('vivo','Vivo X Note 5G (12GB RAM + 512GB)',82990,7.5,1,'snapdragon',8,3,5000,1,80,12,512,7,120,4,'android',50,16,0,3080,1440),('vivo','Vivo X80 5G',54999,8.6,1,'dimensity',8,3.05,4500,1,80,8,128,6.78,120,3,'android',50,32,0,2400,1080),('vivo','Vivo X80 5G (12GB RAM + 256GB)',59999,8.8,1,'dimensity',8,3.05,4500,1,80,12,256,6.78,120,3,'android',50,32,0,2400,1080),('vivo','Vivo X80 Pro 5G',79999,7.5,1,'snapdragon',8,3,4700,1,80,12,256,6.78,120,4,'android',50,32,0,3200,1440),('vivo','Vivo X80 Pro Plus 5G',82990,7.5,1,'snapdragon',8,3.2,4500,1,120,12,256,6.78,120,4,'android',50,32,0,3200,1440),('vivo','Vivo X90 5G',41990,8.8,1,'dimensity',8,3.05,4810,1,120,8,128,6.78,120,3,'android',50,32,0,2800,1260),('vivo','Vivo X90 Pro 5G',56999,7.5,1,'dimensity',8,3.05,4870,1,120,8,256,6.78,120,3,'android',50,32,0,2800,1260),('vivo','Vivo X90 Pro Plus 5G',73999,7.5,1,'snapdragon',8,3.2,4700,1,80,12,256,6.78,120,4,'android',50,32,0,3200,1440),('vivo','Vivo Y01',7999,6.1,0,'helio',8,2.3,5000,0,25,2,32,6.51,60,1,'android',8,5,1,1600,720),('vivo','Vivo Y01A',7790,6,0,'helio',8,2.3,5000,1,10,2,32,6.51,60,1,'android',8,5,1,1600,720),('vivo','Vivo Y02',8999,7.5,0,'helio',8,2.5,5000,1,10,3,32,6.51,60,1,'android',8,5,1,1600,720),('vivo','Vivo Y02 (2GB RAM + 32GB)',7999,7.5,0,'helio',8,2.5,5000,1,10,2,32,6.51,60,1,'android',8,5,1,1600,720),('vivo','Vivo Y02s',8990,6.1,0,'helio',8,2.3,5000,1,10,3,32,6.51,60,1,'android',8,5,1,1600,720),('vivo','Vivo Y10',12490,6.3,0,'helio',8,2.3,5000,0,25,4,128,6.51,60,2,'android',13,8,0,1600,720),('vivo','Vivo Y100',29990,8.2,1,'dimensity',8,2.4,5000,1,66,8,128,6,120,3,'android',50,50,0,2400,1080),('vivo','Vivo Y11 (2019)',9490,6.4,0,'snapdragon',8,2,5000,0,25,3,32,6.35,60,2,'android',13,8,1,1544,720),('vivo','Vivo Y12 (3GB RAM + 64GB)',11000,6.8,0,'helio',8,2,5000,0,25,3,64,6.35,60,3,'android',13,8,1,1544,720),('vivo','Vivo Y12a',9999,6.5,0,'snapdragon',8,2,5000,0,25,3,32,6.51,60,2,'android',13,8,1,1600,720),('vivo','Vivo Y12G (3GB RAM + 64GB)',11990,6.8,0,'snapdragon',8,2,5000,0,25,3,64,6.51,60,3,'android',13,8,1,1600,720),('vivo','Vivo Y15',12500,7.1,0,'helio',8,2,5000,0,25,4,64,6.35,60,3,'android',13,16,1,1544,720),('vivo','Vivo Y15C',8499,6.6,0,'helio',8,2.3,5000,0,25,3,32,6.51,60,2,'android',13,8,1,1600,720),('vivo','Vivo Y15C (3GB RAM + 64GB)',10490,6.7,0,'helio',8,2.3,5000,0,25,3,64,6.51,60,2,'android',13,8,1,1600,720),('vivo','Vivo Y15s',8499,6.6,0,'helio',8,2.3,5000,0,25,3,32,6.51,60,2,'android',13,8,1,1600,720),('vivo','Vivo Y16',9999,6.5,0,'helio',8,2.3,5000,1,10,3,32,6.51,60,2,'android',13,5,1,1600,720),('vivo','Vivo Y16 (3GB RAM + 64GB)',10499,6.6,0,'helio',8,2.3,5000,1,10,3,64,6.51,60,2,'android',13,5,1,1600,720),('vivo','Vivo Y16 (4GB RAM + 64GB)',12489,6.8,0,'helio',8,2.3,5000,1,10,4,64,6.51,60,2,'android',13,5,1,1600,720),('vivo','Vivo Y19',20000,7.3,0,'helio',8,2,5000,1,18,4,128,6.53,60,3,'android',16,16,1,2340,1080),('vivo','Vivo Y20G',13990,6.9,0,'helio',8,2,5000,1,18,4,64,6.51,60,3,'android',13,8,1,1600,720),('vivo','Vivo Y21 (2020)',9990,6.5,0,'snapdragon',8,1.8,5000,0,25,4,64,6.5,60,2,'android',13,13,1,1544,720),('vivo','Vivo Y21 2021',13489,6.9,0,'helio',8,2.3,5000,1,18,4,64,6.51,60,2,'android',13,8,1,1600,720),('vivo','Vivo Y21e',12499,6.9,0,'snapdragon',8,2.4,5000,1,18,3,64,6.51,60,2,'android',13,8,1,1600,720),('vivo','Vivo Y21s',14990,7.4,0,'helio',8,2,5000,1,18,4,128,6.51,60,3,'android',50,8,1,1600,720),('vivo','Vivo Y21T',15499,7.4,0,'snapdragon',8,2.4,5000,1,18,4,128,6.51,90,3,'android',50,8,1,720,1600),('vivo','Vivo Y22',14499,7.2,0,'helio',8,2,5000,1,18,4,64,6.55,60,2,'android',50,8,1,1612,720),('vivo','Vivo Y22 (6GB RAM + 128GB)',16499,7.5,0,'helio',8,2,5000,1,18,6,128,6.55,60,2,'android',50,8,1,1612,720),('vivo','Vivo Y22s',14990,7.7,0,'snapdragon',8,2.4,5000,1,18,8,128,6.55,90,2,'android',50,8,1,720,1612),('vivo','Vivo Y25',7499,7.5,0,'helio',4,1.3,1900,0,25,1,16,4.5,60,1,'android',5,2,1,854,480),('vivo','Vivo Y3 (4GB RAM + 128GB)',12990,7.1,0,'helio',8,2.3,5000,1,25,4,128,6.35,60,3,'android',13,16,1,1544,720),('vivo','Vivo Y33s',16685,8,0,'helio',8,2,5000,1,18,8,128,6.58,60,3,'android',50,16,1,2408,1080),('vivo','Vivo Y33T',15990,8.1,0,'snapdragon',8,2.4,5000,1,18,8,128,6.58,90,3,'android',50,16,1,2408,1080),('vivo','Vivo Y35',18499,8,0,'snapdragon',8,2.4,5000,1,44,8,128,6.58,90,3,'android',50,16,1,2408,1080),('vivo','Vivo Y35 5G',13999,7,1,'dimensity',8,2.2,5000,1,15,4,128,6.51,60,2,'android',13,5,1,1600,720),('vivo','Vivo Y53s',15490,7.9,0,'helio',8,2,5000,1,19,8,128,6.58,60,3,'android',64,16,1,2408,1080),('vivo','Vivo Y53t',11999,6.7,1,'dimensity',8,2,6000,1,15,4,128,6.51,60,2,'android',13,5,0,1600,720),('vivo','Vivo Y55 4G',22990,8.3,0,'snapdragon',8,2.4,5000,1,44,8,128,6.44,120,3,'android',50,16,1,2400,1080),('vivo','Vivo Y55 5G',20990,7.7,1,'dimensity',8,2.2,5000,1,18,4,128,6.58,60,3,'android',50,8,1,2408,1080),('vivo','Vivo Y55S',13490,7.5,0,'snapdragon',4,1.2,2730,0,25,3,16,5.2,60,1,'android',13,5,1,1280,720),('vivo','Vivo Y55s 2023',21999,7.8,1,'dimensity',8,2.2,5000,1,18,4,128,6.58,60,3,'android',50,8,1,2408,1080),('vivo','Vivo Y55s 5G',19990,7.9,1,'dimensity',8,2.2,6000,1,18,8,128,6.58,60,2,'android',50,8,0,2408,1080),('vivo','Vivo Y71',25000,7.5,0,'snapdragon',4,1.4,3360,0,25,3,16,6,60,1,'android',13,5,1,1440,720),('vivo','Vivo Y73 2021',19990,8,0,'helio',8,2.05,4000,1,33,8,128,6.44,60,3,'android',64,16,1,2400,1080),('vivo','Vivo Y73T',16990,7.7,1,'dimensity',8,2,6000,1,44,8,128,6.58,60,2,'android',50,8,0,2408,1080),('vivo','Vivo Y75 4G',19990,8.2,0,'helio',8,2.05,4050,1,44,8,128,6.44,60,3,'android',50,44,1,2400,1080),('vivo','Vivo Y75 5G',21990,8.2,1,'dimensity',8,2.2,5000,1,18,8,128,6.58,60,3,'android',50,16,1,2408,1080),('vivo','Vivo Y77 5G',17990,7.6,1,'dimensity',8,2.2,4500,1,80,6,128,6.64,120,2,'android',50,8,1,2388,1080),('vivo','Vivo Y78 5G',24990,7.7,1,'dimensity',8,3,4500,1,25,8,128,6.58,90,3,'android',50,16,0,2400,1080),('vivo','Vivo Y91c',8199,7.5,0,'helio',8,2,4030,0,25,2,32,6.22,60,1,'android',13,5,1,1520,720),('vivo','Vivo Y93',18000,6.2,0,'helio',8,2,4030,0,25,4,32,6.2,60,2,'android',13,8,1,720,1520),('vivo','Vivo Y95',15000,6.5,0,'snapdragon',8,1.95,4030,0,25,4,64,6.22,60,2,'android',13,20,1,720,1520),('xiaomi','Xiaomi 11i 5G (8GB RAM + 128GB)',24990,8.3,1,'dimensity',8,2.5,5160,1,67,8,128,6.67,120,3,'android',108,16,1,1080,2400),('xiaomi','Xiaomi 11i HyperCharge 5G',24820,8.3,1,'dimensity',8,2.5,4500,1,120,6,128,6.67,120,3,'android',108,16,1,1080,2400),('xiaomi','Xiaomi 11i HyperCharge 5G (8GB RAM + 128GB)',26999,8.6,1,'dimensity',8,2.5,4500,1,120,8,128,6.67,120,3,'android',108,16,1,1080,2400),('xiaomi','Xiaomi 11T Pro 5G (12GB RAM + 256GB)',38999,8.8,1,'snapdragon',8,2.84,5000,1,120,12,256,6.67,120,3,'android',108,16,0,2400,1080),('xiaomi','Xiaomi 12 Lite 5G',29990,8.2,1,'snapdragon',8,2.4,4300,1,67,6,128,6.55,120,3,'android',108,32,0,2400,1080),('xiaomi','Xiaomi 12 Pro 5G',50990,8.9,1,'snapdragon',8,3,4600,1,120,8,256,6.73,120,3,'android',50,32,0,3200,1440),('xiaomi','Xiaomi 12 Pro 5G (12GB RAM + 256GB)',51880,7.5,1,'snapdragon',8,3,4600,1,120,12,256,6.73,120,3,'android',50,32,0,3200,1440),('xiaomi','Xiaomi 12 Ultra 5G',75999,7.5,1,'snapdragon',8,3.2,4800,1,67,12,256,6.73,120,3,'android',50,20,0,3200,1440),('xiaomi','Xiaomi 12S Ultra',69990,7.5,1,'snapdragon',8,3.2,4860,1,67,8,256,6.73,120,3,'android',50,32,0,3200,1440),('xiaomi','Xiaomi 12T',48990,8.7,1,'dimensity',8,2.85,5000,1,120,8,128,6.67,120,3,'android',108,20,0,2712,1220),('xiaomi','Xiaomi 12T Pro 5G',59990,8.9,1,'snapdragon',8,3.2,5000,1,120,8,128,6.67,120,3,'android',200,20,0,2712,1220),('xiaomi','Xiaomi 13 5G',46990,8.9,1,'snapdragon',8,3.2,4500,1,67,8,128,6.36,120,3,'android',50,32,0,2400,1080),('xiaomi','Xiaomi 13 Pro 5G',58990,7.5,1,'snapdragon',8,3.2,4820,1,120,8,128,6.73,120,3,'android',50,32,0,3200,1440),('xiaomi','Xiaomi 13 Ultra 5G',71999,7.5,1,'snapdragon',8,3.2,5000,1,120,12,256,6.6,120,4,'android',108,32,0,3200,1440),('xiaomi','Xiaomi 14',54999,8.9,1,'snapdragon',8,3.2,5000,1,67,12,256,6.43,120,3,'android',50,32,0,3200,1440),('xiaomi','Xiaomi Civi 2',29999,8.5,1,'snapdragon',8,2.4,4500,1,67,8,128,6.55,120,3,'android',50,32,0,2400,1080),('xiaomi','Xiaomi Civi 3',32990,8.6,1,'dimensity',8,3.1,5000,1,80,8,256,6.7,120,3,'android',64,32,0,2400,1080),('xiaomi','Xiaomi Mi 10 5G (8GB RAM + 256GB)',54999,8.8,1,'snapdragon',8,2.84,4780,1,30,8,256,6.67,90,4,'android',108,20,0,2340,1080),('xiaomi','Xiaomi Mi 10T 5G',23500,8,1,'snapdragon',8,2.84,5000,1,33,6,128,6.67,144,3,'android',64,20,0,1080,2400),('xiaomi','Xiaomi Mi 10T Pro 5G',29999,8.6,1,'snapdragon',8,2.84,5000,1,33,8,128,6.67,144,3,'android',108,20,0,2400,1080),('xiaomi','Xiaomi Mi 11 Lite (8GB RAM + 128GB)',18699,8.2,0,'snapdragon',8,2.3,4250,1,33,8,128,6.55,90,3,'android',64,16,1,2400,1080),('xiaomi','Xiaomi Mi 11 Lite NE 5G',21890,8.3,1,'snapdragon',8,2.4,4250,1,33,6,128,6.55,90,3,'android',64,20,1,2400,1080),('xiaomi','Xiaomi Mi 11 Lite NE 5G (8GB RAM + 128GB)',22999,8.6,1,'snapdragon',8,2.4,4250,1,33,8,128,6.55,90,3,'android',64,20,1,2400,1080),('xiaomi','Xiaomi Mi 11i 5G',23499,8.1,1,'dimensity',8,2.5,5160,1,67,6,128,6.67,120,3,'android',108,16,1,1080,2400),('xiaomi','Xiaomi Mi 11T Pro 5G',34990,8.6,1,'snapdragon',8,2.84,5000,1,120,8,128,6.67,120,3,'android',108,16,0,2400,1080),('xiaomi','Xiaomi Mi 11X',23890,8,1,'snapdragon',8,3.2,4520,1,33,6,128,6.67,120,3,'android',48,20,0,2400,1080),('xiaomi','Xiaomi Mi 11X 5G (8GB RAM + 128GB)',25990,8.3,1,'snapdragon',8,3.2,4520,1,33,8,128,6.67,120,3,'android',48,20,0,2400,1080),('xiaomi','Xiaomi Mi 11X Pro',30990,8.5,1,'snapdragon',8,2.84,4520,1,33,8,128,6.67,120,3,'android',108,20,0,2400,1080),('xiaomi','Xiaomi Mi 12 5G',42990,8.7,1,'snapdragon',8,3,4500,1,67,8,128,6.28,120,3,'android',50,32,0,2400,1080),('xiaomi','Xiaomi Mi Mix Alpha',199990,7.5,1,'snapdragon',8,2.96,4050,1,40,12,512,7.92,60,3,'android',108,32,0,2250,2088),('xiaomi','Xiaomi Mi Mix Fold',109990,7.5,1,'snapdragon',8,2.84,5020,1,67,12,256,8.01,90,3,'android',108,20,0,2480,1860),('xiaomi','Xiaomi Mix Fold 2 5G',106990,7.5,1,'snapdragon',8,3.2,4500,1,67,12,256,8.02,120,3,'android',50,20,0,2160,1914),('xiaomi','Xiaomi Poco F1',11999,7.7,0,'snapdragon',8,2.8,4000,1,25,6,64,6.18,60,2,'android',12,20,1,2246,1080),('xiaomi','Xiaomi Poco F1 (6GB RAM + 128GB)',12999,7.8,0,'snapdragon',8,2.8,4000,1,25,6,128,6.18,60,2,'android',12,20,1,2246,1080),('xiaomi','Xiaomi Redmi 10',9589,7.1,0,'snapdragon',8,2.4,6000,1,18,4,64,6.7,60,2,'android',50,5,1,1600,720),('xiaomi','Xiaomi Redmi 10 (6GB RAM + 128GB)',11999,7.5,0,'snapdragon',8,2.4,6000,1,18,6,128,6.7,60,2,'android',50,5,1,1600,720),('xiaomi','Xiaomi Redmi 10 Power',11999,7.7,0,'snapdragon',8,2.4,6000,1,18,8,128,6.7,60,2,'android',50,5,1,1650,720),('xiaomi','Xiaomi Redmi 10 Prime',12390,7.4,0,'helio',8,2,6000,1,18,4,64,6.5,90,4,'android',50,8,1,2400,1080),('xiaomi','Xiaomi Redmi 10 Prime (6GB RAM + 128GB)',12999,7.7,0,'helio',8,2,6000,1,18,6,128,6.5,90,4,'android',50,8,1,2400,1080),('xiaomi','Xiaomi Redmi 10 Prime Plus 5G',13990,6.9,1,'dimensity',8,2.2,5000,1,18,4,128,6.58,90,2,'android',50,5,0,2408,1080),('xiaomi','Xiaomi Redmi 10A',7499,6.4,0,'helio',8,2,5000,0,25,3,32,6.53,60,1,'android',13,5,1,1600,720),('xiaomi','Xiaomi Redmi 10A (4GB RAM + 64GB)',8388,6.6,0,'helio',8,2,5000,0,25,4,64,6.53,60,1,'android',13,5,1,1600,720),('xiaomi','Xiaomi Redmi 10A (6GB RAM + 128GB)',10850,7,0,'helio',8,2,5000,0,25,6,128,6.53,60,1,'android',13,5,1,1600,720),('xiaomi','Xiaomi Redmi 10A Sport',9999,6.9,0,'helio',8,2,5000,0,25,6,128,6.53,60,1,'android',13,5,1,1600,720),('xiaomi','Xiaomi Redmi 10C',13990,7.1,0,'snapdragon',8,2.4,6000,1,18,4,64,6.7,60,2,'android',50,5,1,1600,720),('xiaomi','Xiaomi Redmi 10C (4GB RAM + 128GB)',14990,7.3,0,'snapdragon',8,2.4,6000,1,18,4,128,6.7,60,2,'android',50,5,1,1600,720),('xiaomi','Xiaomi Redmi 11 Prime',11600,7.4,0,'helio',8,2.2,5000,1,18,4,64,6.58,90,3,'android',50,8,1,2400,1080),('xiaomi','Xiaomi Redmi 11 Prime (6GB RAM + 128GB)',13774,7.6,0,'helio',8,2.2,5000,1,18,6,128,6.58,90,3,'android',50,8,1,2400,1080),('xiaomi','Xiaomi Redmi 11 Prime 5G',13466,7.4,1,'dimensity',8,2.2,5000,1,18,4,64,6.58,90,2,'android',50,5,1,2408,1080),('xiaomi','Xiaomi Redmi 11 Prime 5G (6GB RAM + 128GB)',15990,7.7,1,'dimensity',8,2.2,5000,1,18,6,128,6.58,90,2,'android',50,5,1,2408,1080),('xiaomi','Xiaomi Redmi 13 Prime 5G',17990,7.9,1,'snapdragon',8,2,5100,1,18,6,128,6.73,120,2,'android',64,16,1,2408,1080),('xiaomi','Xiaomi Redmi 20X',10990,7.7,1,'dimensity',8,2.2,5000,1,18,4,128,6.43,90,4,'android',48,13,1,2340,1080),('xiaomi','Xiaomi Redmi 8 (4GB RAM + 64GB)',11490,6.6,0,'snapdragon',8,2,5000,1,18,4,64,6.22,60,2,'android',12,8,1,1520,720),('xiaomi','Xiaomi Redmi 9',8999,6.8,0,'helio',8,2.3,5000,0,25,4,64,6.53,60,2,'android',13,5,1,1600,720),('xiaomi','Xiaomi Redmi 9 Activ',7499,6.8,0,'helio',8,2.3,5000,0,25,4,64,6.53,60,2,'android',13,5,1,1600,720),('xiaomi','Xiaomi Redmi 9 Activ (6GB RAM + 128GB)',10499,7.2,0,'helio',8,2.3,5000,0,25,6,128,6.53,60,2,'android',13,5,1,1600,720),('xiaomi','Xiaomi Redmi 9 Power',11499,7.4,0,'snapdragon',8,2,6000,1,18,4,64,6.53,60,4,'android',48,8,1,2340,1080),('xiaomi','Xiaomi Redmi 9A',6999,6.1,0,'helio',8,2,5000,0,25,2,32,6.53,60,1,'android',13,5,1,1600,720),('xiaomi','Xiaomi Redmi 9A (6GB RAM + 128GB)',10990,6.9,0,'helio',8,2,5000,0,25,6,128,6.53,60,1,'android',13,5,1,1600,720),('xiaomi','Xiaomi Redmi 9A Sport',6499,6.1,0,'helio',8,2,5000,0,25,2,32,6.53,60,1,'android',13,5,1,1600,720),('xiaomi','Xiaomi Redmi 9i (4GB RAM + 128GB)',9299,6.7,0,'helio',8,2,5000,1,10,4,128,6.53,60,1,'android',13,5,1,1600,720),('xiaomi','Xiaomi Redmi 9i Sport',7499,6.6,0,'helio',8,2,5000,1,10,4,64,6.53,60,1,'android',13,5,1,1600,720),('xiaomi','Xiaomi Redmi A1',6171,7.5,0,'helio',4,2,5000,1,10,2,32,6.52,60,2,'android',8,5,1,1600,720),('xiaomi','Xiaomi Redmi A1 Plus',7289,6,0,'helio',4,2,5000,1,10,2,32,6.52,60,2,'android',8,5,1,1600,720),('xiaomi','Xiaomi Redmi A1 Plus (3GB RAM + 32GB)',8399,6.1,0,'helio',4,2,5000,1,10,3,32,6.52,60,2,'android',8,5,1,1600,720),('xiaomi','Xiaomi Redmi K20 Pro Signature Edition',480000,8.8,0,'snapdragon',8,2.8,4000,1,27,8,256,6.39,60,3,'android',48,20,0,2340,1080),('xiaomi','Xiaomi Redmi K50 5G',27990,8.3,1,'dimensity',8,2.85,5500,1,67,8,128,6.67,120,3,'android',48,20,0,3200,1440),('xiaomi','Xiaomi Redmi K50 Ultra 5G',39999,8.5,1,'snapdragon',8,3.2,5000,1,120,8,128,6.67,144,3,'android',108,20,0,2712,1220),('xiaomi','Xiaomi Redmi K50i (8GB RAM + 256GB)',25999,8.5,1,'dimensity',8,2.85,5080,1,67,8,256,6.6,144,3,'android',64,16,0,2460,1080),('xiaomi','Xiaomi Redmi K50i 5G',22999,8.2,1,'dimensity',8,2.85,5080,1,67,6,128,6.6,144,3,'android',64,16,0,2460,1080),('xiaomi','Xiaomi Redmi K60',29990,8.4,1,'snapdragon',8,3.2,5500,1,67,8,128,6.67,120,3,'android',64,16,0,3200,1440),('xiaomi','Xiaomi Redmi K60 Gaming Edition',54990,8.6,1,'snapdragon',8,3.2,5000,1,67,8,128,6.73,120,3,'android',50,20,0,3200,1440),('xiaomi','Xiaomi Redmi K60 Pro',38999,8.5,1,'snapdragon',8,3.2,5000,1,120,8,128,6.67,120,3,'android',54,16,0,3200,1440),('xiaomi','Xiaomi Redmi K60E',25999,8.3,1,'dimensity',8,3.1,5500,1,67,8,128,6.67,120,3,'android',48,20,0,3200,1440),('xiaomi','Xiaomi Redmi K60i',28999,8.5,1,'dimensity',8,3.1,5080,1,120,8,128,6.67,120,3,'android',50,32,0,2460,1080),('xiaomi','Xiaomi Redmi Note 10',13990,7.5,0,'snapdragon',8,2.2,5000,1,33,4,64,6.43,60,4,'android',48,13,1,2400,1080),('xiaomi','Xiaomi Redmi Note 10 (6GB RAM + 128GB)',16499,7.8,0,'snapdragon',8,2.2,5000,1,33,6,128,6.43,60,4,'android',48,13,1,2400,1080),('xiaomi','Xiaomi Redmi Note 10 5G',12490,7.6,1,'dimensity',8,2.2,5000,1,18,4,128,6.5,90,3,'android',48,8,1,2400,1080),('xiaomi','Xiaomi Redmi Note 10 Lite',9999,7.6,0,'snapdragon',8,2.3,5020,1,18,4,64,6.67,60,4,'android',48,16,1,2400,1080),('xiaomi','Xiaomi Redmi Note 10 Lite (4GB RAM + 128GB)',12499,7.7,0,'snapdragon',8,2.3,5020,1,18,4,128,6.67,60,4,'android',48,16,1,2400,1080),('xiaomi','Xiaomi Redmi Note 10 Lite (6GB RAM + 128GB)',11999,8,0,'snapdragon',8,2.3,5020,1,18,6,128,6.67,60,4,'android',48,16,1,2400,1080),('xiaomi','Xiaomi Redmi Note 10 Pro (6GB RAM + 128GB)',17999,8.1,0,'snapdragon',8,2.3,5020,1,33,6,128,6.67,120,4,'android',64,16,1,2400,1080),('xiaomi','Xiaomi Redmi Note 10 Pro 5G',16999,8.3,1,'dimensity',8,2.6,5000,1,67,6,128,6.6,120,3,'android',64,16,1,2400,1080),('xiaomi','Xiaomi Redmi Note 10 Pro Max',19999,8.1,0,'snapdragon',8,2.3,5020,1,33,6,64,6.67,120,4,'android',108,16,1,2400,1080),('xiaomi','Xiaomi Redmi Note 10 Pro Max (6GB RAM + 128GB)',19980,8.2,0,'snapdragon',8,2.3,5020,1,33,6,128,6.67,120,4,'android',108,16,1,2400,1080),('xiaomi','Xiaomi Redmi Note 10S',10999,7.8,0,'helio',8,2.05,5000,1,33,6,64,6.43,60,4,'android',64,13,1,2400,1080),('xiaomi','Xiaomi Redmi Note 10S (6GB RAM + 128GB)',11999,7.9,0,'helio',8,2.05,5000,1,33,6,128,6.43,60,4,'android',64,13,1,2400,1080),('xiaomi','Xiaomi Redmi Note 10S (8GB RAM + 128GB)',13999,8.2,0,'helio',8,2.05,5000,1,33,8,128,6.43,60,4,'android',64,13,1,2400,1080),('xiaomi','Xiaomi Redmi Note 10T 5G',12999,7.5,1,'dimensity',8,2.2,5000,1,18,4,64,6.5,90,3,'android',48,8,1,2400,1080),('xiaomi','Xiaomi Redmi Note 10T 5G (6GB RAM +128GB)',13999,7.9,1,'dimensity',8,2.2,5000,1,18,6,128,6.5,90,3,'android',48,8,1,2400,1080),('xiaomi','Xiaomi Redmi Note 11',11936,7.6,0,'snapdragon',8,2.4,5000,1,33,4,64,6.43,90,4,'android',50,13,1,2400,1080),('xiaomi','Xiaomi Redmi Note 11 (6GB RAM + 128GB)',14290,8,0,'snapdragon',8,2.4,5000,1,33,6,128,6.43,90,4,'android',50,13,1,2400,1080),('xiaomi','Xiaomi Redmi Note 11 (6GB RAM + 64GB)',12188,7.9,0,'snapdragon',8,2.4,5000,1,33,6,64,6.43,90,4,'android',50,13,1,2400,1080),('xiaomi','Xiaomi Redmi Note 11 5G',14990,7.7,1,'dimensity',8,2.4,5000,1,33,4,128,6.6,90,2,'android',50,16,1,2400,1080),('xiaomi','Xiaomi Redmi Note 11 Pro 4G',17999,8.1,0,'helio',8,2.05,5000,1,67,6,128,6.67,120,4,'android',108,16,1,2400,1080),('xiaomi','Xiaomi Redmi Note 11 Pro 5G',17990,8.1,1,'snapdragon',8,2.2,5000,1,67,6,64,6.67,120,3,'android',108,16,1,2400,1080),('xiaomi','Xiaomi Redmi Note 11 Pro Max 5G',19999,8.3,1,'snapdragon',8,2.4,5200,1,33,6,128,6.67,120,4,'android',108,32,1,2400,1080),('xiaomi','Xiaomi Redmi Note 11 Pro Plus 5G',19999,8.3,1,'snapdragon',8,2.2,5000,1,67,6,128,6.67,120,3,'android',108,16,1,2400,1080),('xiaomi','Xiaomi Redmi Note 11 Pro Plus 5G (8GB RAM + 128GB)',22700,8.6,1,'snapdragon',8,2.2,5000,1,67,8,128,6.67,120,3,'android',108,16,1,2400,1080),('xiaomi','Xiaomi Redmi Note 11 Pro Plus 5G (8GB RAM + 256GB)',22999,8.7,1,'snapdragon',8,2.2,5000,1,67,8,256,6.67,120,3,'android',108,16,1,2400,1080),('xiaomi','Xiaomi Redmi Note 11E 5G',13990,6.9,1,'dimensity',8,2.2,5000,1,18,4,128,6.58,90,2,'android',50,5,0,2408,1080),('xiaomi','Xiaomi Redmi Note 11R',12990,7.3,1,'dimensity',8,2.2,5000,1,18,4,128,6.58,90,2,'android',13,5,1,2400,1080),('xiaomi','Xiaomi Redmi Note 11S',14590,8,0,'helio',8,2.05,5000,1,33,6,64,6.43,90,4,'android',108,16,1,2400,1080),('xiaomi','Xiaomi Redmi Note 11S (6GB RAM + 128GB)',15499,8.1,0,'helio',8,2.05,5000,1,33,6,128,6.43,90,4,'android',108,16,1,2400,1080),('xiaomi','Xiaomi Redmi Note 11S (8GB RAM + 128GB)',15824,8.4,0,'helio',8,2.05,5000,1,33,8,128,6.43,90,4,'android',108,16,1,2400,1080),('xiaomi','Xiaomi Redmi Note 11SE',11999,8,0,'helio',8,2.05,5000,1,33,6,64,6.43,60,4,'android',64,13,1,2400,1080),('xiaomi','Xiaomi Redmi Note 11T 5G',16999,7.9,1,'dimensity',8,2.4,5000,1,33,6,64,6.6,90,2,'android',50,16,1,2400,1080),('xiaomi','Xiaomi Redmi Note 11T 5G (6GB RAM + 128GB)',16999,8.1,1,'dimensity',8,2.4,5000,1,33,6,128,6.6,90,2,'android',50,16,1,2400,1080),('xiaomi','Xiaomi Redmi Note 11T 5G (8GB RAM + 128GB)',18499,8.3,1,'dimensity',8,2.4,5000,1,33,8,128,6.6,90,2,'android',50,16,1,2400,1080),('xiaomi','Xiaomi Redmi Note 11T Pro 5G',19990,8.2,1,'dimensity',8,2.85,5080,1,67,6,128,6.6,144,3,'android',64,16,1,2460,1080),('xiaomi','Xiaomi Redmi Note 12',17859,7.6,1,'snapdragon',8,2,5000,1,33,4,128,6.67,120,3,'android',48,13,1,2400,1080),('xiaomi','Xiaomi Redmi Note 12 (6GB RAM + 128GB)',19988,7.9,1,'snapdragon',8,2,5000,1,33,6,128,6.67,120,3,'android',48,13,1,2400,1080),('xiaomi','Xiaomi Redmi Note 12 4G',13999,7.5,0,'helio',8,2.2,5000,1,33,4,64,6.67,120,3,'android',48,13,1,2400,1080),('xiaomi','Xiaomi Redmi Note 12 Discovery Edition',26990,8.6,1,'dimensity',8,2.6,4300,1,210,8,256,6.67,120,3,'android',200,16,0,2400,1080),('xiaomi','Xiaomi Redmi Note 12 Explorer',24999,8.9,1,'dimensity',8,2.6,4300,1,120,8,256,6.67,120,3,'android',200,16,1,2400,1080),('xiaomi','Xiaomi Redmi Note 12 Pro (8GB RAM + 128GB)',26999,8.2,1,'dimensity',8,2.6,5000,1,67,8,128,6.67,120,3,'android',50,16,0,2400,1080),('xiaomi','Xiaomi Redmi Note 12 Pro (8GB RAM + 256GB)',27994,8.2,1,'dimensity',8,2.6,5000,1,67,8,256,6.67,120,3,'android',50,16,0,2400,1080),('xiaomi','Xiaomi Redmi Note 12 Pro 4G',14999,7.7,0,'snapdragon',8,2.3,5000,1,67,6,128,6.67,120,3,'android',50,16,0,2400,1080),('xiaomi','Xiaomi Redmi Note 12 Pro 5G',24762,7.9,1,'dimensity',8,2.6,5000,1,67,6,128,6.67,120,3,'android',50,16,0,2400,1080),('xiaomi','Xiaomi Redmi Note 12 Pro Max 5G',32999,8.3,1,'snapdragon',8,2.36,5200,1,210,6,128,6.67,120,4,'android',108,32,1,2460,1080),('xiaomi','Xiaomi Redmi Note 12 Pro Plus',29999,8.6,1,'dimensity',8,2.6,4980,1,120,8,256,6.67,120,3,'android',200,16,0,2400,1080),('xiaomi','Xiaomi Redmi Note 12 Pro Plus (12GB RAM + 256GB)',32999,8.7,1,'dimensity',8,2.6,4980,1,120,12,256,6.67,120,3,'android',200,16,0,2400,1080),('xiaomi','Xiaomi Redmi Note 12 Pro Plus (6GB RAM + 128GB)',26999,8.4,1,'dimensity',8,2.6,4980,1,120,6,128,6.67,120,3,'android',200,16,0,2400,1080),('xiaomi','Xiaomi Redmi Note 12 Turbo',19999,8.1,1,'snapdragon',8,2.4,5000,1,67,8,128,6.67,120,3,'android',50,16,0,2400,1080),('xiaomi','Xiaomi Redmi Note 12T 5G',15999,7.8,1,'dimensity',8,2,5000,1,33,6,64,6.52,90,3,'android',64,16,1,2400,1080),('xiaomi','Xiaomi Redmi Note 13 Pro 5G',17990,7.8,1,'dimensity',8,2,5000,1,67,6,128,6.67,120,3,'android',108,16,0,2460,1080),('xiaomi','Xiaomi Redmi Note 13 Pro Max 5G',20499,8.3,1,'snapdragon',8,2.36,5200,1,67,6,128,6.67,120,4,'android',108,32,1,2460,1080),('xiaomi','Xiaomi Redmi Note 4',10300,6.5,0,'snapdragon',8,2,4100,0,25,4,64,5.5,60,1,'android',13,5,1,1920,1080),('xiaomi','Xiaomi Redmi Note 8 2021',9990,7.5,0,'helio',8,2,4000,1,18,4,64,6.3,60,4,'android',48,13,1,2340,1080),('xiaomi','Xiaomi Redmi Note 8 Pro',16999,7.8,0,'helio',8,2.05,4500,1,18,6,64,6.53,60,4,'android',64,20,1,2340,1080),('xiaomi','Xiaomi Redmi Note 9',11989,7.5,0,'helio',8,2,5020,1,22,4,64,6.53,60,4,'android',48,13,1,2340,1080),('xiaomi','Xiaomi Redmi Note 9 Pro',13999,7.5,0,'snapdragon',8,2.3,5020,1,18,4,64,6.67,60,4,'android',48,16,1,2400,1080),('xiaomi','Xiaomi Redmi Note 9 Pro (4GB RAM + 128GB)',14439,7.7,0,'snapdragon',8,2.3,5020,1,18,4,128,6.67,60,4,'android',48,16,1,2400,1080),('xiaomi','Xiaomi Redmi Note 9 Pro Max',16490,8,0,'snapdragon',8,2.3,5020,1,33,6,64,6.67,60,4,'android',64,32,1,2400,1080),('zte','ZTE Axon 30S',19999,8.2,1,'snapdragon',8,3.2,4200,1,55,6,128,6.9,120,4,'android',50,16,1,2460,1080),('zte','ZTE Axon 40 Ultra 5G',61990,8.9,1,'snapdragon',8,3,5000,1,65,8,128,6.8,120,3,'android',64,16,0,2480,1116);
/*!40000 ALTER TABLE `smartphones` ENABLE KEYS */;
UNLOCK TABLES;
/*!40103 SET TIME_ZONE=@OLD_TIME_ZONE */;

/*!40101 SET SQL_MODE=@OLD_SQL_MODE */;
/*!40014 SET FOREIGN_KEY_CHECKS=@OLD_FOREIGN_KEY_CHECKS */;
/*!40014 SET UNIQUE_CHECKS=@OLD_UNIQUE_CHECKS */;
/*!40101 SET CHARACTER_SET_CLIENT=@OLD_CHARACTER_SET_CLIENT */;
/*!40101 SET CHARACTER_SET_RESULTS=@OLD_CHARACTER_SET_RESULTS */;
/*!40101 SET COLLATION_CONNECTION=@OLD_COLLATION_CONNECTION */;
/*!40111 SET SQL_NOTES=@OLD_SQL_NOTES */;

-- Dump completed on 2026-03-24  5:46:08
